case,model,strategy,blas_threads,julia_threads,t_min_s,t_median_s,chi_max,allocated_bytes,allocs,nsamples
easy,central_spin_polarised,zipup,1,1,3.394398374,3.394398374,28,8803737528,2110503,1
hard,spinboson,zipup,1,1,357.832662242,357.832662242,47,296348289912,1879909,1
easy,central_spin_polarised,zipup,2,1,3.164223134,3.164223134,28,8803352792,2110503,1
hard,spinboson,zipup,2,1,239.276987562,239.276987562,47,296347782328,1879858,1
easy,central_spin_polarised,zipup,4,1,2.977659377,2.977659377,28,8803350968,2110503,1
hard,spinboson,zipup,4,1,179.611147823,179.611147823,47,296347912816,1879858,1
easy,central_spin_polarised,zipup,8,1,2.853463922,2.853463922,28,8803352728,2110503,1
hard,spinboson,zipup,8,1,136.881811717,136.881811717,47,296346786848,1879855,1
easy,central_spin_polarised,zipup,16,1,4.629377537,4.629377537,28,8803353368,2110503,1
hard,spinboson,zipup,16,1,159.1766716,159.1766716,47,296347171144,1879857,1
easy,central_spin_polarised,zipup,32,1,4.881693345,4.881693345,28,8803353784,2110503,1
hard,spinboson,zipup,32,1,176.941081595,176.941081595,47,296348113880,1879858,1
easy,central_spin_polarised,zipup_cpp,1,1,3.4013159,3.4013159,28,8168153896,2065737,1
easy,central_spin_polarised,canonzip,1,1,5.993293521,5.993293521,28,13818625352,1856375,1
hard,spinboson,zipup_cpp,1,1,321.5933344,321.5933344,47,286949819944,1855609,1
hard,spinboson,canonzip,1,1,1957.871590417,1957.871590417,49,910894566192,1357873,1
easy,central_spin_polarised,zipup_cpp,2,1,2.797941156,2.797941156,28,8168112760,2065737,1
easy,central_spin_polarised,canonzip,2,1,5.324005166,5.324005166,28,13818625384,1856375,1
hard,spinboson,zipup_cpp,2,1,232.410472952,232.410472952,47,286950538400,1855618,1
hard,spinboson,canonzip,2,1,1194.854425908,1194.854425908,49,910894670408,1357889,1
easy,central_spin_polarised,zipup_cpp,4,1,2.677489689,2.677489689,28,8168113560,2065737,1
easy,central_spin_polarised,canonzip,4,1,4.863436503,4.863436503,28,13818624616,1856375,1
hard,spinboson,zipup_cpp,4,1,175.619965404,175.619965404,47,286950403936,1855664,1
hard,spinboson,canonzip,4,1,781.627965521,781.627965521,49,910894646160,1357924,1
easy,central_spin_polarised,zipup_cpp,8,1,2.760003245,2.760003245,28,8168112536,2065737,1
easy,central_spin_polarised,canonzip,8,1,4.883700136,4.883700136,28,13818624328,1856375,1
hard,spinboson,zipup_cpp,8,1,138.147625643,138.147625643,47,286949500464,1855621,1
hard,spinboson,canonzip,8,1,601.365125276,601.365125276,49,910894511280,1357884,1
easy,central_spin_polarised,zipup_cpp,16,1,4.281542778,4.281542778,28,8168434808,2065737,1
easy,central_spin_polarised,canonzip,16,1,6.779009328,6.779009328,28,13818641096,1856375,1
hard,spinboson,zipup_cpp,16,1,164.703880029,164.703880029,47,286950109928,1855620,1
hard,spinboson,canonzip,16,1,564.799836575,564.799836575,49,910894312120,1357879,1
easy,central_spin_polarised,zipup_cpp,32,1,4.689407133,4.689407133,28,8168114072,2065737,1
easy,central_spin_polarised,canonzip,32,1,7.472006156,7.472006156,28,13818634040,1856405,1
hard,spinboson,zipup_cpp,32,1,175.70696715,175.70696715,47,286950595368,1855657,1
hard,spinboson,canonzip,32,1,555.584740277,555.584740277,49,910894595440,1357932,1
