strategy,N,cutoff,t_build,t_median_s,t_mean_s,allocated_bytes,allocated_mib,allocs,nsamples,chi_max,eps_trace,eps_H,eps_pos
zipup_cpp,1,1.0e-10,0.014339883,0.022902608,0.02079832057142857,45461720,43.355674743652344,153674,7,4,1.1191607277422603e-13,3.5858880833982624e-14,0.0
canonzip,1,1.0e-10,0.012514238,0.019826272,0.017581253857142858,43167416,41.16765594482422,145368,7,4,3.009052575005494e-14,4.192587035424905e-15,0.0
canonzip,5,1.0e-10,2.884130983,2.939529155,2.927457079571429,6162198224,5876.730178833008,763435,7,25,5.581481499288206e-9,7.334188310808481e-14,0.0
zipup_cpp,5,1.0e-10,1.820291109,2.082232472,2.0815164328571427,4769490320,4548.540420532227,853350,7,25,8.08801803309492e-9,1.4661735719790867e-14,0.0
zipup_cpp,10,1.0e-10,3.571048224,3.597168187,3.665826942428571,9203665960,8777.299842834473,1733924,7,20,5.3165513103081714e-8,1.946720228055449e-14,0.0
canonzip,10,1.0e-10,6.643609816,6.940418998,7.004277896142858,14543806648,13870.054862976074,1538427,7,20,1.1813660050913883e-9,1.8891883507286591e-13,0.0
canonzip,20,1.0e-10,5.96634485,6.303188522,6.320614216714286,14473829184,13803.319152832031,3030575,7,13,3.3673125399165444e-8,2.1444473829163068e-13,0.0
zipup_cpp,20,1.0e-10,3.773362949,3.826877192,3.974890859142857,10535012200,10046.970558166504,3414337,7,13,3.73867623526536e-8,7.514099122353244e-15,0.0
zipup_cpp,30,1.0e-10,4.267197852,4.353982171,4.418149757285714,12620527328,12035.872772216797,5069091,7,10,6.36646168006294e-8,9.75592243000168e-15,0.0
canonzip,30,1.0e-10,6.934295107,6.974830547,7.031277310857142,17780026496,16956.354614257812,4529109,7,10,1.4265118309540271e-8,3.8436859290262445e-13,0.0
canonzip,40,1.0e-10,9.123276912,9.306772415,9.345066508285715,23536070888,22445.74631500244,6037272,7,10,3.0173527676614426e-8,3.8752729273080506e-13,0.0
zipup_cpp,40,1.0e-10,5.287653795,5.576188726,5.5172881618571425,15923772680,15186.09302520752,6728119,7,11,1.3511555008172138e-7,1.8378692216749197e-14,0.0
zipup_cpp,50,1.0e-10,5.982766115,6.232899255,6.22888666,18415012672,17561.92462158203,8379784,7,11,2.9991656824712726e-7,1.5379646969854504e-14,0.0
canonzip,50,1.0e-10,11.020045529,11.270746565,11.274830829285715,29014182320,27670.080490112305,7543424,7,10,6.241331063161601e-8,5.493613273932222e-13,0.0
canonzip,70,1.0e-10,14.036978921,14.294782899,14.332212416142857,37291312464,35563.76692199707,10540174,7,11,5.140212266943349e-8,4.978995226607475e-13,0.0
zipup_cpp,70,1.0e-10,6.585226348,6.632827605,6.7089784358571425,20876002816,19908.90771484375,11632134,7,12,7.797710932511137e-7,2.0315875247078193e-14,0.0
