strategy,cutoff,t_build,t_median_s,t_mean_s,allocated_bytes,allocated_mib,allocs,nsamples,chi_max,eps_rho,eps_trace,eps_H,eps_pos
canonzip_ref,1.0e-13,0.536081097,0.771780732,0.74516941,1204374288,1148.580825805664,172172,7,36,0.0,1.8297294233583133e-13,1.1193335165046465e-14,0.0
zipup_cpp,1.0e-13,0.26616808,0.294956279,0.3594975784285714,715052624,681.9273223876953,183313,7,36,2.029169565928057e-12,1.9584339815897396e-13,2.710791619453739e-15,0.0
zipup_cpp,1.0e-6,0.021733525,0.030434174,0.030103634857142857,65704752,62.66093444824219,175559,7,6,1.0104109375380355e-5,5.423319953123951e-6,3.062745715398402e-15,0.0
canonzip,1.0e-6,0.024950893,0.02668861,0.029882085,91828712,87.5746841430664,169291,7,6,4.3407794915380415e-6,1.5581796741770404e-8,3.893000136593782e-15,0.0
canonzip,1.0e-8,0.028791118,0.029846402,0.03275693028571429,111326136,106.16887664794922,169664,7,8,7.580193506268e-7,1.549207784279361e-8,3.331279228462335e-15,0.0
zipup_cpp,1.0e-8,0.024271698,0.026012128,0.02999683428571429,80962856,77.21219635009766,176620,7,7,8.064477808934026e-7,2.6287038323857814e-8,1.8683680072712568e-15,0.0
zipup_cpp,1.0e-10,0.073025861,0.078781662,0.07828012314285715,266752960,254.39544677734375,179168,7,20,3.2474905422550894e-9,1.0050404952721724e-10,1.1029080236886128e-15,0.0
canonzip,1.0e-10,0.145573342,0.152959473,0.19748584342857142,459708336,438.4120330810547,171322,7,21,4.145626392628693e-10,7.550404786808461e-12,2.867902227827733e-15,0.0
canonzip,1.0e-12,0.246253873,0.257766161,0.3528059665714286,698534680,666.1745834350586,172019,7,26,5.08834865501925e-11,4.535483105829265e-12,6.63612060232585e-15,0.0
zipup_cpp,1.0e-12,0.142427314,0.145890661,0.1492033747142857,438812256,418.4839782714844,181248,7,26,5.957267069216086e-11,4.401812331093281e-12,1.197936815868111e-14,0.0
