k,theta,phi,nx,ny,nz
1,2.2867428746931222,5.8466938883805586,0.68373340741703337,-0.31896257451926202,-0.65633185480969702
2,1.0111699587907168,5.8662934044396096,0.77487072525143141,-0.34315131903925666,0.53086959923312516
3,1.3984356670635438,2.0945071913199467,-0.49268694998059892,0.85313797346365738,0.17150850577489907
4,0.93847202677136299,1.9071396149038509,-0.26622671258295827,0.76145728962945569,0.59102126321938209
5,0.49057485885577057,3.4239858995262153,-0.45247206032705378,-0.13128352515979,0.88206216937640503
6,2.3228266035089349,2.4245391831633993,-0.55046283358509074,0.4799310292290907,-0.68312288501014118
7,2.056412678114437,3.7900509897279537,-0.70487079820062992,-0.53413321316319784,-0.46675354143269732
8,2.7288435082210105,0.65282647141038053,0.31864496826304767,0.24365950151716129,-0.91602152350315968
9,0.91785431872273859,1.2695172320327461,0.23570208351367061,0.7585228060064394,0.60752586825207056
10,2.2790346189120001,3.4209364890440255,-0.73006786088229469,-0.20941561360466698,-0.65049674809742997
11,1.2479236660554471,5.7434028918766984,0.81349510643778244,-0.4873924920057256,0.3172920902547518
12,1.281934833983895,3.7524786887436186,-0.78520216822159639,-0.54982881373119863,0.28486107247401615
13,1.2494545337714207,1.960056733653716,-0.36007837335926507,0.87783181086518247,0.3158399545214321
14,0.23939000163085641,3.245695122244995,-0.23582640826242612,-0.024639183251435898,0.97148279234104074
15,2.3544628913862313,0.92905376050451971,0.42400092786842775,0.56741061720013475,-0.70588129643395026
16,1.0160620663591049,3.2680569285057803,-0.8432520556860611,-0.10721343254640864,0.52671742942762845
17,1.8783360242390603,2.7733953914575951,-0.88920355451295197,0.34304643567030585,-0.3027146868181827
18,0.31271113951697738,5.8473314100055873,0.27887817200714021,-0.12988063262057037,0.95150301441878593
19,1.9805208497811362,1.9491894619916881,-0.3388504376650342,0.85234520390831647,-0.39835666715734175
20,2.4559200159746655,5.8220768690470841,0.56706292439900996,-0.28173390341810112,-0.77399331226880941
21,2.3800377193886333,4.4969551166109838,-0.14751237867673631,-0.67409636142810181,-0.72376390739420349
22,2.2214892550476737,2.937124275581672,-0.77908982783570546,0.16155695453818225,-0.60573788935749961
23,2.4824035806009408,4.6445041130893454,-0.041545926743070095,-0.61106531275245934,-0.79048916470866226
24,1.183341185005792,4.2267289490600195,-0.4321905429134163,-0.81881208968712993,0.37783342414138255
25,2.1115840574655813,0.099664888297590751,0.85304910192269234,0.085301667041125115,-0.51481147550233697
26,1.1420317568379132,0.48460796660198108,0.80476039831536161,0.42369175127226677,0.41574752098736578
27,1.1262617731533124,1.0837740648507708,0.42251230630974718,0.79784140849578344,0.43003771684153791
28,0.22417751093300989,0.55828787734153984,0.18855054863217541,0.11776244877272431,0.97497727987351435
29,0.47216217594134413,6.2286363991036255,0.45413645360088312,-0.024797247968094027,0.89058698508569156
30,1.7555024935299581,5.2637838342395593,0.51496487374479305,-0.83730581375843349,-0.18365770622366151
31,2.9685353790364295,4.9466262443786331,0.039966600445362828,-0.16749240330359982,-0.98506292473345325
32,1.6063025827790853,0.94289521841101576,0.58707724240104309,0.80875221603098435,-0.035498796032526592
33,1.3974777784787005,3.9458204855070793,-0.68327503373047926,-0.70950369544232739,0.17245212215073957
34,0.99227791408816424,4.8536314150638393,0.11786576620249148,-0.8289359873472304,0.54678404332805108
35,0.95092539271035814,4.112958725501259,-0.45920986389807278,-0.67204650596815396,0.58093011173006825
36,2.4532495588013914,0.55921766168457188,0.53848977742415016,0.33701933080145435,-0.77229963762507969
37,0.80063585424794592,1.1067249292719554,0.3212815005799452,0.64188280057996627,0.696250434617256
38,0.50310374222064524,2.4119534104340845,-0.35939958428163993,0.32139956902017391,0.87609032402591391
39,1.6975921287822731,5.1377779983546441,0.40936227755439425,-0.9035658937550376,-0.12645632193820666
40,1.2264690187935627,2.2766649163287527,-0.61061848833181931,0.71637693538116087,0.3375635468489746
41,1.7478212701458724,3.8478685428030204,-0.74889454903020347,-0.63886235788695855,-0.17610179473237597
42,0.88133087582382041,3.8477922570049197,-0.58704869542805316,-0.50071852313239984,0.63612482249031066
43,3.0945698192840454,3.1979283533059095,-0.046930935931817755,-0.0026466876472655042,-0.99889463022736358
44,0.42926179752971572,6.0836860873765444,0.40794476047617123,-0.082481833213943742,0.90927323703587937
45,0.4866028755099297,2.1141304917224404,-0.24175919641663718,0.40028285572012823,0.88392653900905183
46,1.4547779587260694,0.75446670673420912,0.72373857584351631,0.68029588908469263,0.11575827024652008
47,0.63873292486521283,3.9225524005311923,-0.4234288729784953,-0.41968675014971824,0.80285180530215494
48,1.4183482169506594,6.1831199027135293,0.98345792403922572,-0.098739898823176381,0.15185830245609044
49,0.34558171667133775,4.4040933656081247,-0.10278682086075311,-0.32277299631674766,0.94087855874498927
50,2.0913838610616002,6.0845370468646447,0.8504665088468969,-0.17120157499877717,-0.49738992555912209
51,1.5367622042006999,5.0446470842101139,0.32598957073283558,-0.94476077683180271,0.034027552565391916
52,1.1177462620717296,1.1061114391194884,0.40293096463959743,0.80377649639658166,0.43770992857717927
53,1.4614726328448358,1.3647312193221444,0.20338835200943514,0.97300002391367268,0.10910605726025646
54,1.5963089866833202,1.6743035002773454,-0.1032888234776211,0.99432422495861883,-0.02550989229790579
55,0.8131665200106678,1.9659390129508458,-0.27964606482514243,0.67048651201630316,0.6872015102079041
56,1.0283032632755302,4.4638511664926774,-0.21066920041899703,-0.83010901265221237,0.51627271389101081
57,2.0018308041550368,4.4976338830381843,-0.19361601129155084,-0.88766373455132808,-0.41781088369493147
58,1.3919139589606879,1.5085692138346061,0.061194654364259075,0.98213856953733791,0.17792988648451002
59,1.6336683679270563,0.87979986292282408,0.6360461995564376,0.76908877523024344,-0.062830628237003472
60,0.59838427267092653,2.9902264607855793,-0.55686735004688825,0.084940595550867179,0.82624684548821148
61,2.0154717435667338,0.399581866270178,0.83163504416144574,0.35119983590088166,-0.43016488534721664
62,0.49767068848737239,5.0920593106749017,0.1769238813592699,-0.44338434547990779,0.87869691156173113
63,2.5982020914989059,2.0926894935526366,-0.25775647525745027,0.44821105016765528,-0.85596054463419224
64,1.5301952960668261,1.8450663254503974,-0.27062108785690153,0.96182986473740584,0.04058987689523974
65,1.3742927050676168,5.8458570810477548,0.88845285130356888,-0.41537008935907344,0.19524143995677212
66,1.5024117663095957,0.59197162052173857,0.82790253115950196,0.55669402364802045,0.068331273471720744
67,1.0639420788931955,4.5805755233306789,-0.11490789924268556,-0.8666916834416134,0.48542939810519803
68,2.1086183467263675,4.6254388680790965,-0.074580995014179946,-0.8555819668104736,-0.51226670129085727
69,1.5596481473260217,4.509432624590394,-0.20155335852604223,-0.97941409368559795,0.011147948550811915
70,1.7190350682083948,3.7436658700991199,-0.81512440643784256,-0.56014102647113218,-0.14769642004199457
