run_id,source,doi,table,model,family,bath_state,polarization_b,N_modes,local_dim,morse_lambda,renormalized,dt,t_final,nsteps,cutoff,C_over_Omega2,kBT_over_Omega,gamma_over_Omega,omega_c_over_Omega,timing_scope,published_s,published_display,example_param,swapping_dominated,calibration_target,notes
cs_polarised_N10_1e-10,Cygorek et al. Nat. Phys. 2022,10.1038/s41567-022-01544-9,S.3.1,central_spin,central_spin,polarised,inf,10,2,,false,0.01,20,2000,1e-10,,,,,complete_example,70,1 min 10 s,ACE/examples/NatPhys2022/03_spins/01_polarised_N10_thr1e-10.param,false,,"Table S.3.1 complete example (construction+contraction+I/O); archived input has no dont_propagate"
cs_polarised_N100_1e-10,Cygorek et al. Nat. Phys. 2022,10.1038/s41567-022-01544-9,S.3.1,central_spin,central_spin,polarised,inf,100,2,,false,0.01,20,2000,1e-10,,,,,complete_example,249,4 min 09 s,ACE/examples/NatPhys2022/03_spins/01_polarised_N100_thr1e-10.param,false,easy_baseline,"Recommended C++ health check; compare local total_s not build_s"
cs_polarised_N1000_1e-10,Cygorek et al. Nat. Phys. 2022,10.1038/s41567-022-01544-9,S.3.1,central_spin,central_spin,polarised,inf,1000,2,,false,0.01,20,2000,1e-10,,,,,complete_example,830,13 min 50 s,ACE/examples/NatPhys2022/03_spins/01_polarised_N1000_thr1e-10.param,false,,
cs_partial_N10_1e-10,Cygorek et al. Nat. Phys. 2022,10.1038/s41567-022-01544-9,S.3.1,central_spin,central_spin,partial,20,10,2,,false,0.01,20,2000,1e-10,,,,,complete_example,212,3 min 32 s,ACE/examples/NatPhys2022/03_spins/02_b20_N10_thr1e-10.param,false,,
cs_partial_N10_1e-13,Cygorek et al. Nat. Phys. 2022,10.1038/s41567-022-01544-9,S.3.1,central_spin,central_spin,partial,20,10,2,,false,0.01,20,2000,1e-13,,,,,complete_example,1199,19 min 59 s,ACE/examples/NatPhys2022/03_spins/02_b20_N10_thr1e-13.param,false,,
cs_partial_N10_1e-16,Cygorek et al. Nat. Phys. 2022,10.1038/s41567-022-01544-9,S.3.1,central_spin,central_spin,partial,20,10,2,,false,0.01,20,2000,1e-16,,,,,complete_example,6300,1 h 45 min,ACE/examples/NatPhys2022/03_spins/02_b20_N10_thr1e-16.param,true,,"Exceeded 16 GB laptop RAM; swapping; not a clean performance reference"
cs_partial_N100_1e-10,Cygorek et al. Nat. Phys. 2022,10.1038/s41567-022-01544-9,S.3.1,central_spin,central_spin,partial,20,100,2,,false,0.01,20,2000,1e-10,,,,,complete_example,330,5 min 30 s,ACE/examples/NatPhys2022/03_spins/02_b20_N100_thr1e-10.param,false,,
cs_partial_N100_1e-13,Cygorek et al. Nat. Phys. 2022,10.1038/s41567-022-01544-9,S.3.1,central_spin,central_spin,partial,20,100,2,,false,0.01,20,2000,1e-13,,,,,complete_example,1992,33 min 12 s,ACE/examples/NatPhys2022/03_spins/02_b20_N100_thr1e-13.param,false,,
cs_partial_N100_1e-16,Cygorek et al. Nat. Phys. 2022,10.1038/s41567-022-01544-9,S.3.1,central_spin,central_spin,partial,20,100,2,,false,0.01,20,2000,1e-16,,,,,complete_example,8880,2 h 28 min,ACE/examples/NatPhys2022/03_spins/02_b20_N100_thr1e-16.param,true,,"Exceeded 16 GB laptop RAM; swapping; not a clean performance reference"
cs_unpolarised_N10_1e-10,Cygorek et al. Nat. Phys. 2022,10.1038/s41567-022-01544-9,S.3.1,central_spin,central_spin,unpolarised,0,10,2,,false,0.01,20,2000,1e-10,,,,,complete_example,321,5 min 21 s,ACE/examples/NatPhys2022/03_spins/03_unpolarised_N10_thr1e-10.param,false,,
cs_unpolarised_N10_1e-13,Cygorek et al. Nat. Phys. 2022,10.1038/s41567-022-01544-9,S.3.1,central_spin,central_spin,unpolarised,0,10,2,,false,0.01,20,2000,1e-13,,,,,complete_example,2042,34 min 02 s,ACE/examples/NatPhys2022/03_spins/03_unpolarised_N10_thr1e-13.param,false,,
cs_unpolarised_N10_1e-16,Cygorek et al. Nat. Phys. 2022,10.1038/s41567-022-01544-9,S.3.1,central_spin,central_spin,unpolarised,0,10,2,,false,0.01,20,2000,1e-16,,,,,complete_example,16800,4 h 40 min,ACE/examples/NatPhys2022/03_spins/03_unpolarised_N10_thr1e-16.param,true,,"Exceeded 16 GB laptop RAM; swapping; not a clean performance reference"
cs_unpolarised_N100_1e-10,Cygorek et al. Nat. Phys. 2022,10.1038/s41567-022-01544-9,S.3.1,central_spin,central_spin,unpolarised,0,100,2,,false,0.01,20,2000,1e-10,,,,,complete_example,507,8 min 27 s,ACE/examples/NatPhys2022/03_spins/03_unpolarised_N100_thr1e-10.param,false,representative_difficult,"Recommended C++ health check"
cs_unpolarised_N100_1e-13,Cygorek et al. Nat. Phys. 2022,10.1038/s41567-022-01544-9,S.3.1,central_spin,central_spin,unpolarised,0,100,2,,false,0.01,20,2000,1e-13,,,,,complete_example,2452,40 min 52 s,ACE/examples/NatPhys2022/03_spins/03_unpolarised_N100_thr1e-13.param,false,compression_stress,"Recommended C++ health check; still below the swapping-dominated 1e-16 regime"
cs_unpolarised_N100_1e-16,Cygorek et al. Nat. Phys. 2022,10.1038/s41567-022-01544-9,S.3.1,central_spin,central_spin,unpolarised,0,100,2,,false,0.01,20,2000,1e-16,,,,,complete_example,11280,3 h 08 min,ACE/examples/NatPhys2022/03_spins/03_unpolarised_N100_thr1e-16.param,true,,"Exceeded 16 GB laptop RAM; swapping; not a clean performance reference"
