code,model,polarisation,N,Jk,dt,te,threshold,t_min_s,t_median_s,t_mean_s,maxdim,nsamples,memory_bytes,allocs,nthreads,blas_threads,compression,setup_s,build_s,contract_s,io_s,total_s,peak_rss_kb,swap_io,timing_scope,omp_threads,mkl_threads,pinned_cpu,max_bond_dimension,final_trace_error,trajectory_checksum,max_reference_error,validation_status
julia,central_spin,polarised,5,0.3038534895992255,0.1,20.0,1.0e-10,4.629705793,4.629705793,4.629705793,36,1,10746814328,2098201,1,1,zipup_cpp,3.207517382,4.629705793,0.0,0.0,7.837223175,1818152,0,build-only,1,1,16,36,n/a,n/a,n/a,PASS
julia,central_spin,polarised,10,0.15192674479961274,0.1,20.0,1.0e-10,12.763018925,12.763018925,12.763018925,33,1,30155276080,4279322,1,1,zipup_cpp,0.000473302,12.763018925,0.0,0.0,12.763492227,1847260,0,build-only,1,1,16,33,n/a,n/a,n/a,PASS
julia,central_spin,polarised,25,0.0607706979198451,0.1,20.0,1.0e-10,15.972336712,15.972336712,15.972336712,21,1,43546076392,10384376,1,1,zipup_cpp,0.000751369,15.972336712,0.0,0.0,15.973088081,1863568,0,build-only,1,1,16,21,n/a,n/a,n/a,PASS
julia,central_spin,polarised,50,0.03038534895992255,0.1,20.0,1.0e-10,18.583818625,18.583818625,18.583818625,15,1,56312020120,20287231,1,1,zipup_cpp,0.00123397,18.583818625,0.0,0.0,18.585052595,1866576,0,build-only,1,1,16,15,n/a,n/a,n/a,PASS
julia,central_spin,polarised,100,0.015192674479961275,0.1,20.0,1.0e-10,23.125623182,23.125623182,23.125623182,13,1,74180527520,39592108,1,1,zipup_cpp,0.002279342,23.125623182,0.0,0.0,23.127902524000003,1868596,0,build-only,1,1,16,13,n/a,n/a,n/a,PASS
julia,central_spin,partial,5,0.3038534895992255,0.1,20.0,1.0e-10,25.7049909,25.7049909,25.7049909,65,1,39296867576,2246196,1,1,zipup_cpp,0.000276448,25.7049909,0.0,0.0,25.705267348,3395484,0,build-only,1,1,16,65,n/a,n/a,n/a,PASS
julia,central_spin,partial,10,0.15192674479961274,0.1,20.0,1.0e-10,66.14257505,66.14257505,66.14257505,49,1,104682636544,4685877,1,1,zipup_cpp,0.000460581,66.14257505,0.0,0.0,66.143035631,3395484,0,build-only,1,1,16,49,n/a,n/a,n/a,PASS
julia,central_spin,partial,25,0.0607706979198451,0.1,20.0,1.0e-10,64.231500836,64.231500836,64.231500836,30,1,128560819344,11284890,1,1,zipup_cpp,0.000751556,64.231500836,0.0,0.0,64.23225239199999,3395484,0,build-only,1,1,16,30,n/a,n/a,n/a,PASS
julia,central_spin,partial,50,0.03038534895992255,0.1,20.0,1.0e-10,60.02546849,60.02546849,60.02546849,19,1,142978338840,21787645,1,1,zipup_cpp,0.001330873,60.02546849,0.0,0.0,60.026799363,3395484,0,build-only,1,1,16,19,n/a,n/a,n/a,PASS
julia,central_spin,partial,100,0.015192674479961275,0.1,20.0,1.0e-10,59.734886782,59.734886782,59.734886782,16,1,161318135112,42245279,1,1,zipup_cpp,0.002290589,59.734886782,0.0,0.0,59.737177370999994,3395484,0,build-only,1,1,16,16,n/a,n/a,n/a,PASS
julia,central_spin,unpolarised,5,0.3038534895992255,0.1,20.0,1.0e-10,27.956143727,27.956143727,27.956143727,68,1,42262508248,2261899,1,1,zipup_cpp,0.000265297,27.956143727,0.0,0.0,27.956409024,3575644,0,build-only,1,1,16,68,n/a,n/a,n/a,PASS
julia,central_spin,unpolarised,10,0.15192674479961274,0.1,20.0,1.0e-10,117.492062723,117.492062723,117.492062723,75,1,161029525256,4894057,1,1,zipup_cpp,0.000437084,117.492062723,0.0,0.0,117.492499807,3888704,0,build-only,1,1,16,75,n/a,n/a,n/a,PASS
julia,central_spin,unpolarised,25,0.0607706979198451,0.1,20.0,1.0e-10,108.320990589,108.320990589,108.320990589,39,1,193377636096,11658833,1,1,zipup_cpp,0.000743093,108.320990589,0.0,0.0,108.321733682,3888704,0,build-only,1,1,16,39,n/a,n/a,n/a,PASS
julia,central_spin,unpolarised,50,0.03038534895992255,0.1,20.0,1.0e-10,103.926656464,103.926656464,103.926656464,27,1,223531227272,22367554,1,1,zipup_cpp,0.001378576,103.926656464,0.0,0.0,103.92803504,3888704,0,build-only,1,1,16,27,n/a,n/a,n/a,PASS
julia,central_spin,unpolarised,100,0.015192674479961275,0.1,20.0,1.0e-10,67.328933193,67.328933193,67.328933193,17,1,177158648456,42542241,1,1,zipup_cpp,0.002530103,67.328933193,0.0,0.0,67.331463296,3888704,0,build-only,1,1,16,17,n/a,n/a,n/a,PASS
