code,model,kBT_over_Omega,N_modes,M,C_over_Omega2,dt,te,threshold,elapsed_sec,maxdim,compression,setup_s,build_s,contract_s,io_s,total_s,peak_rss_kb,swap_io,timing_scope,nthreads,blas_threads,omp_threads,mkl_threads,pinned_cpu,max_bond_dimension,final_trace_error,trajectory_checksum,max_reference_error,validation_status
julia,spinboson,0.0,5,5,0.2,0.1,8.0,1.0e-8,920.90183995,69,zipup_cpp,5.994066347,920.90183995,0.0,0.0,926.895906297,4196436,0,build-only,1,1,1,1,0,69,n/a,n/a,n/a,PASS
julia,spinboson,0.0,10,5,0.2,0.1,8.0,1.0e-8,3009.825877293,70,zipup_cpp,5.811346285,3009.825877293,0.0,0.0,3015.637223578,5376064,0,build-only,1,1,1,1,1,70,n/a,n/a,n/a,PASS
julia,spinboson,0.0,20,5,0.2,0.1,8.0,1.0e-8,3743.775446157,58,zipup_cpp,6.188195761,3743.775446157,0.0,0.0,3749.9636419179997,4221464,0,build-only,1,1,1,1,2,58,n/a,n/a,n/a,PASS
julia,spinboson,0.0,50,5,0.2,0.1,8.0,1.0e-8,4618.919655561,48,zipup_cpp,6.024774623,4618.919655561,0.0,0.0,4624.944430183999,3685672,0,build-only,1,1,1,1,3,48,n/a,n/a,n/a,PASS
julia,spinboson,0.0,100,5,0.2,0.1,8.0,1.0e-8,6968.624549279,46,zipup_cpp,5.879904246,6968.624549279,0.0,0.0,6974.504453525,3101492,0,build-only,1,1,1,1,4,46,n/a,n/a,n/a,PASS
julia,spinboson,0.5,5,5,0.2,0.1,8.0,1.0e-8,1152.767780229,77,zipup_cpp,6.297039731,1152.767780229,0.0,0.0,1159.06481996,5145900,0,build-only,1,1,1,1,5,77,n/a,n/a,n/a,PASS
julia,spinboson,0.5,10,5,0.2,0.1,8.0,1.0e-8,3501.596444802,74,zipup_cpp,6.137727036,3501.596444802,0.0,0.0,3507.734171838,5439344,0,build-only,1,1,1,1,6,74,n/a,n/a,n/a,PASS
julia,spinboson,0.5,20,5,0.2,0.1,8.0,1.0e-8,4372.106229902,62,zipup_cpp,6.096593354,4372.106229902,0.0,0.0,4378.202823256001,4508720,0,build-only,1,1,1,1,7,62,n/a,n/a,n/a,PASS
julia,spinboson,0.5,50,5,0.2,0.1,8.0,1.0e-8,5797.101589564,48,zipup_cpp,6.125692754,5797.101589564,0.0,0.0,5803.227282318,3714964,0,build-only,1,1,1,1,16,48,n/a,n/a,n/a,PASS
julia,spinboson,0.5,100,5,0.2,0.1,8.0,1.0e-8,7943.871398319,43,zipup_cpp,6.069685678,7943.871398319,0.0,0.0,7949.941083997,3129364,0,build-only,1,1,1,1,17,43,n/a,n/a,n/a,PASS
julia,spinboson,1.0,5,5,0.2,0.1,8.0,1.0e-8,1596.568419802,89,zipup_cpp,5.803412379,1596.568419802,0.0,0.0,1602.3718321810002,5966816,0,build-only,1,1,1,1,18,89,n/a,n/a,n/a,PASS
julia,spinboson,1.0,10,5,0.2,0.1,8.0,1.0e-8,5199.123100816,88,zipup_cpp,5.859221566,5199.123100816,0.0,0.0,5204.982322382,7386116,0,build-only,1,1,1,1,19,88,n/a,n/a,n/a,PASS
julia,spinboson,1.0,20,5,0.2,0.1,8.0,1.0e-8,7140.650730755,75,zipup_cpp,5.899279056,7140.650730755,0.0,0.0,7146.550009811,5878584,0,build-only,1,1,1,1,20,75,n/a,n/a,n/a,PASS
julia,spinboson,1.0,50,5,0.2,0.1,8.0,1.0e-8,8169.027071395,58,zipup_cpp,6.103540646,8169.027071395,0.0,0.0,8175.130612041,4211504,0,build-only,1,1,1,1,21,58,n/a,n/a,n/a,PASS
julia,spinboson,1.0,100,5,0.2,0.1,8.0,1.0e-8,10624.96540535,51,zipup_cpp,6.145585186,10624.96540535,0.0,0.0,10631.110990535999,3692004,0,build-only,1,1,1,1,22,51,n/a,n/a,n/a,PASS
julia,spinboson,3.0,5,5,0.2,0.1,8.0,1.0e-8,2304.241799372,109,zipup_cpp,5.843162522,2304.241799372,0.0,0.0,2310.084961894,7141656,0,build-only,1,1,1,1,23,109,n/a,n/a,n/a,PASS
julia,spinboson,3.0,10,5,0.2,0.1,8.0,1.0e-8,7653.231131515,106,zipup_cpp,5.537771517,7653.231131515,0.0,0.0,7658.768903032,9488136,0,build-only,1,1,1,1,24,106,n/a,n/a,n/a,PASS
julia,spinboson,3.0,20,5,0.2,0.1,8.0,1.0e-8,11607.539458449,94,zipup_cpp,5.845309432,11607.539458449,0.0,0.0,11613.384767881,8214924,0,build-only,1,1,1,1,25,94,n/a,n/a,n/a,PASS
julia,spinboson,3.0,50,5,0.2,0.1,8.0,1.0e-8,14362.897131412,73,zipup_cpp,5.753948623,14362.897131412,0.0,0.0,14368.651080035,5352244,0,build-only,1,1,1,1,26,73,n/a,n/a,n/a,PASS
julia,spinboson,3.0,100,5,0.2,0.1,8.0,1.0e-8,17415.254792343,63,zipup_cpp,5.835209808,17415.254792343,0.0,0.0,17421.090002151,4469472,0,build-only,1,1,1,1,27,63,n/a,n/a,n/a,PASS
