dt,nsteps,cutoff,D_max,hit_maxdim,t_build_s
1.5,14,1.0e-6,11,false,47.17448003
1.5,14,1.0e-8,37,false,45.628313868
1.5,14,1.0e-10,68,false,122.992475157
1.5,14,1.0e-12,128,false,228.479380343
0.5,42,1.0e-6,10,false,7.686154354
0.5,42,1.0e-8,22,false,31.186270538
0.5,42,1.0e-10,39,false,89.842104008
0.5,42,1.0e-12,69,false,233.388470996
0.2,105,1.0e-6,4,false,3.748228289
0.2,105,1.0e-8,11,false,32.752368551
0.2,105,1.0e-10,22,false,127.712833267
0.2,105,1.0e-12,42,false,274.807950791
0.1,210,1.0e-6,4,false,7.330999823
0.1,210,1.0e-8,12,false,57.532325683
0.1,210,1.0e-10,24,false,140.93685023
0.1,210,1.0e-12,34,false,302.324238646
0.05,420,1.0e-6,4,false,14.265832953
0.05,420,1.0e-8,10,false,43.749761557
0.05,420,1.0e-10,11,false,121.157249036
0.05,420,1.0e-12,25,false,502.101300956
