code,model,polarisation,N,Jk,dt,te,threshold,elapsed_sec,maxdim,logfile,ptfile,setup_s,build_s,contract_s,io_s,total_s,peak_rss_kb,swap_io,timing_scope,omp_threads,mkl_threads,pinned_cpu,max_bond_dimension,final_trace_error,trajectory_checksum,max_reference_error,validation_status
cpp,central_spin,polarised,5,0.2,0.1,20,1e-10,21.24,36,/home/gautham/ProcessTensors.jl/benchmark/JuliaVsC++/results/cpp/central_polarised_N5.log,/home/gautham/ProcessTensors.jl/benchmark/JuliaVsC++/results/cpp/central_polarised_N5.pt,,21.240000,0,0.031316,21.24,179324,0,build+write_PT,1,1,0,36,n/a,n/a,n/a,PASS
cpp,central_spin,polarised,10,0.1,0.1,20,1e-10,60.24,33,/home/gautham/ProcessTensors.jl/benchmark/JuliaVsC++/results/cpp/central_polarised_N10.log,/home/gautham/ProcessTensors.jl/benchmark/JuliaVsC++/results/cpp/central_polarised_N10.pt,,60.240000,0,0.025339,60.24,124108,0,build+write_PT,1,1,1,33,n/a,n/a,n/a,PASS
cpp,central_spin,polarised,25,0.04,0.1,20,1e-10,63.88,21,/home/gautham/ProcessTensors.jl/benchmark/JuliaVsC++/results/cpp/central_polarised_N25.log,/home/gautham/ProcessTensors.jl/benchmark/JuliaVsC++/results/cpp/central_polarised_N25.pt,,63.880000,0,0.013705,63.88,65384,0,build+write_PT,1,1,2,21,n/a,n/a,n/a,PASS
cpp,central_spin,polarised,50,0.02,0.1,20,1e-10,70.99,15,/home/gautham/ProcessTensors.jl/benchmark/JuliaVsC++/results/cpp/central_polarised_N50.log,/home/gautham/ProcessTensors.jl/benchmark/JuliaVsC++/results/cpp/central_polarised_N50.pt,,70.990000,0,0.010244,70.99,34056,0,build+write_PT,1,1,3,15,n/a,n/a,n/a,PASS
cpp,central_spin,polarised,100,0.01,0.1,20,1e-10,96.78,13,/home/gautham/ProcessTensors.jl/benchmark/JuliaVsC++/results/cpp/central_polarised_N100.log,/home/gautham/ProcessTensors.jl/benchmark/JuliaVsC++/results/cpp/central_polarised_N100.pt,,96.780000,0,0.008230,96.78,22920,0,build+write_PT,1,1,4,13,n/a,n/a,n/a,PASS
cpp,central_spin,partial,5,0.2,0.1,20,1e-10,287.41,65,/home/gautham/ProcessTensors.jl/benchmark/JuliaVsC++/results/cpp/central_partial_N5.log,/home/gautham/ProcessTensors.jl/benchmark/JuliaVsC++/results/cpp/central_partial_N5.pt,,287.410000,0,0.095668,287.41,1108124,0,build+write_PT,1,1,5,65,n/a,n/a,n/a,PASS
cpp,central_spin,partial,10,0.1,0.1,20,1e-10,700.50,49,/home/gautham/ProcessTensors.jl/benchmark/JuliaVsC++/results/cpp/central_partial_N10.log,/home/gautham/ProcessTensors.jl/benchmark/JuliaVsC++/results/cpp/central_partial_N10.pt,,700.500000,0,0.058417,700.50,737044,0,build+write_PT,1,1,6,49,n/a,n/a,n/a,PASS
cpp,central_spin,partial,25,0.04,0.1,20,1e-10,534.02,30,/home/gautham/ProcessTensors.jl/benchmark/JuliaVsC++/results/cpp/central_partial_N25.log,/home/gautham/ProcessTensors.jl/benchmark/JuliaVsC++/results/cpp/central_partial_N25.pt,,534.020000,0,0.026907,534.02,315564,0,build+write_PT,1,1,7,30,n/a,n/a,n/a,PASS
cpp,central_spin,partial,50,0.02,0.1,20,1e-10,447.52,19,/home/gautham/ProcessTensors.jl/benchmark/JuliaVsC++/results/cpp/central_partial_N50.log,/home/gautham/ProcessTensors.jl/benchmark/JuliaVsC++/results/cpp/central_partial_N50.pt,,447.520000,0,0.013496,447.52,166772,0,build+write_PT,1,1,8,19,n/a,n/a,n/a,PASS
cpp,central_spin,partial,100,0.01,0.1,20,1e-10,418.29,16,/home/gautham/ProcessTensors.jl/benchmark/JuliaVsC++/results/cpp/central_partial_N100.log,/home/gautham/ProcessTensors.jl/benchmark/JuliaVsC++/results/cpp/central_partial_N100.pt,,418.290000,0,0.010132,418.29,99708,0,build+write_PT,1,1,9,16,n/a,n/a,n/a,PASS
cpp,central_spin,unpolarised,5,0.2,0.1,20,1e-10,327.26,68,/home/gautham/ProcessTensors.jl/benchmark/JuliaVsC++/results/cpp/central_unpolarised_N5.log,/home/gautham/ProcessTensors.jl/benchmark/JuliaVsC++/results/cpp/central_unpolarised_N5.pt,,327.260000,0,0.108730,327.26,1187788,0,build+write_PT,1,1,10,68,n/a,n/a,n/a,PASS
cpp,central_spin,unpolarised,10,0.1,0.1,20,1e-10,1408.55,75,/home/gautham/ProcessTensors.jl/benchmark/JuliaVsC++/results/cpp/central_unpolarised_N10.log,/home/gautham/ProcessTensors.jl/benchmark/JuliaVsC++/results/cpp/central_unpolarised_N10.pt,,1408.550000,0,0.116350,1408.55,1464368,0,build+write_PT,1,1,11,75,n/a,n/a,n/a,PASS
cpp,central_spin,unpolarised,25,0.04,0.1,20,1e-10,985.27,39,/home/gautham/ProcessTensors.jl/benchmark/JuliaVsC++/results/cpp/central_unpolarised_N25.log,/home/gautham/ProcessTensors.jl/benchmark/JuliaVsC++/results/cpp/central_unpolarised_N25.pt,,985.270000,0,0.041924,985.27,398244,0,build+write_PT,1,1,12,39,n/a,n/a,n/a,PASS
cpp,central_spin,unpolarised,50,0.02,0.1,20,1e-10,830.45,27,/home/gautham/ProcessTensors.jl/benchmark/JuliaVsC++/results/cpp/central_unpolarised_N50.log,/home/gautham/ProcessTensors.jl/benchmark/JuliaVsC++/results/cpp/central_unpolarised_N50.pt,,830.450000,0,0.020977,830.45,229964,0,build+write_PT,1,1,13,27,n/a,n/a,n/a,PASS
cpp,central_spin,unpolarised,100,0.01,0.1,20,1e-10,482.93,17,/home/gautham/ProcessTensors.jl/benchmark/JuliaVsC++/results/cpp/central_unpolarised_N100.log,/home/gautham/ProcessTensors.jl/benchmark/JuliaVsC++/results/cpp/central_unpolarised_N100.pt,,482.930000,0,0.010749,482.93,97012,0,build+write_PT,1,1,14,17,n/a,n/a,n/a,PASS
