code,model,kBT_over_Omega,N_modes,M,C_over_Omega2,dt,te,threshold,elapsed_sec,maxdim,logfile,ptfile,setup_s,build_s,contract_s,io_s,total_s,peak_rss_kb,swap_io,timing_scope,omp_threads,mkl_threads,pinned_cpu,max_bond_dimension,final_trace_error,trajectory_checksum,max_reference_error,validation_status
cpp,spinboson,0,5,5,0.2,0.1,8,1e-8,2315.33,69,/home/gautham/ProcessTensors.jl/benchmark/JuliaVsC++/results/cpp/spinboson_T0_N5.log,/home/gautham/ProcessTensors.jl/benchmark/JuliaVsC++/results/cpp/spinboson_T0_N5.pt,,2315.330000,0,0.034725,2315.33,805096,0,build+write_PT,1,1,9,69,n/a,n/a,n/a,PASS
cpp,spinboson,0,10,5,0.2,0.1,8,1e-8,9867.22,70,/home/gautham/ProcessTensors.jl/benchmark/JuliaVsC++/results/cpp/spinboson_T0_N10.log,/home/gautham/ProcessTensors.jl/benchmark/JuliaVsC++/results/cpp/spinboson_T0_N10.pt,,9867.220000,0,0.030325,9867.22,1091196,0,build+write_PT,1,1,10,70,n/a,n/a,n/a,PASS
cpp,spinboson,0,50,5,0.2,0.1,8,1e-8,14656.96,48,/home/gautham/ProcessTensors.jl/benchmark/JuliaVsC++/results/cpp/spinboson_T0_N50.log,/home/gautham/ProcessTensors.jl/benchmark/JuliaVsC++/results/cpp/spinboson_T0_N50.pt,,14656.960000,0,0.019009,14656.96,545072,0,build+write_PT,1,1,11,48,n/a,n/a,n/a,PASS
cpp,spinboson,0,100,5,0.2,0.1,8,1e-8,21538.25,46,/home/gautham/ProcessTensors.jl/benchmark/JuliaVsC++/results/cpp/spinboson_T0_N100.log,/home/gautham/ProcessTensors.jl/benchmark/JuliaVsC++/results/cpp/spinboson_T0_N100.pt,,21538.250000,0,0.016574,21538.25,480148,0,build+write_PT,1,1,12,46,n/a,n/a,n/a,PASS
cpp,spinboson,0.5,5,5,0.2,0.1,8,1e-8,3391.14,77,/home/gautham/ProcessTensors.jl/benchmark/JuliaVsC++/results/cpp/spinboson_T0.5_N5.log,/home/gautham/ProcessTensors.jl/benchmark/JuliaVsC++/results/cpp/spinboson_T0.5_N5.pt,,3391.140000,0,0.038973,3391.14,1088764,0,build+write_PT,1,1,14,77,n/a,n/a,n/a,PASS
cpp,spinboson,0.5,10,5,0.2,0.1,8,1e-8,13037.40,74,/home/gautham/ProcessTensors.jl/benchmark/JuliaVsC++/results/cpp/spinboson_T0.5_N10.log,/home/gautham/ProcessTensors.jl/benchmark/JuliaVsC++/results/cpp/spinboson_T0.5_N10.pt,,13037.400000,0,0.032454,13037.40,1226620,0,build+write_PT,1,1,15,74,n/a,n/a,n/a,PASS
cpp,spinboson,0.5,50,5,0.2,0.1,8,1e-8,20288.56,48,/home/gautham/ProcessTensors.jl/benchmark/JuliaVsC++/results/cpp/spinboson_T0.5_N50.log,/home/gautham/ProcessTensors.jl/benchmark/JuliaVsC++/results/cpp/spinboson_T0.5_N50.pt,,20288.560000,0,0.022743,20288.56,546044,0,build+write_PT,1,1,8,48,n/a,n/a,n/a,PASS
cpp,spinboson,0.5,100,5,0.2,0.1,8,1e-8,29340.28,43,/home/gautham/ProcessTensors.jl/benchmark/JuliaVsC++/results/cpp/spinboson_T0.5_N100.log,/home/gautham/ProcessTensors.jl/benchmark/JuliaVsC++/results/cpp/spinboson_T0.5_N100.pt,,29340.280000,0,0.017424,29340.28,458308,0,build+write_PT,1,1,9,43,n/a,n/a,n/a,PASS
cpp,spinboson,1.0,5,5,0.2,0.1,8,1e-8,5108.46,89,/home/gautham/ProcessTensors.jl/benchmark/JuliaVsC++/results/cpp/spinboson_T1.0_N5.log,/home/gautham/ProcessTensors.jl/benchmark/JuliaVsC++/results/cpp/spinboson_T1.0_N5.pt,,5108.460000,0,0.046438,5108.46,1282524,0,build+write_PT,1,1,11,89,n/a,n/a,n/a,PASS
cpp,spinboson,1.0,10,5,0.2,0.1,8,1e-8,24607.03,88,/home/gautham/ProcessTensors.jl/benchmark/JuliaVsC++/results/cpp/spinboson_T1.0_N10.log,/home/gautham/ProcessTensors.jl/benchmark/JuliaVsC++/results/cpp/spinboson_T1.0_N10.pt,,24607.030000,0,0.054780,24607.03,1725700,0,build+write_PT,1,1,12,88,n/a,n/a,n/a,PASS
cpp,spinboson,1.0,50,5,0.2,0.1,8,1e-8,42239.56,58,/home/gautham/ProcessTensors.jl/benchmark/JuliaVsC++/results/cpp/spinboson_T1.0_N50.log,/home/gautham/ProcessTensors.jl/benchmark/JuliaVsC++/results/cpp/spinboson_T1.0_N50.pt,,42239.560000,0,0.027651,42239.56,775412,0,build+write_PT,1,1,13,58,n/a,n/a,n/a,PASS
cpp,spinboson,1.0,100,5,0.2,0.1,8,1e-8,52523.98,51,/home/gautham/ProcessTensors.jl/benchmark/JuliaVsC++/results/cpp/spinboson_T1.0_N100.log,/home/gautham/ProcessTensors.jl/benchmark/JuliaVsC++/results/cpp/spinboson_T1.0_N100.pt,,52523.980000,0,0.021872,52523.98,613112,0,build+write_PT,1,1,14,51,n/a,n/a,n/a,PASS
cpp,spinboson,3.0,5,5,0.2,0.1,8,1e-8,9721.70,109,/home/gautham/ProcessTensors.jl/benchmark/JuliaVsC++/results/cpp/spinboson_T3.0_N5.log,/home/gautham/ProcessTensors.jl/benchmark/JuliaVsC++/results/cpp/spinboson_T3.0_N5.pt,,9721.700000,0,0.064906,9721.70,1823936,0,build+write_PT,1,1,8,109,n/a,n/a,n/a,PASS
cpp,spinboson,0,20,5,0.2,0.1,8,1e-8,13541.53,58,/home/gautham/ProcessTensors.jl/benchmark/JuliaVsC++/results/cpp/spinboson_T0_N20.log,/home/gautham/ProcessTensors.jl/benchmark/JuliaVsC++/results/cpp/spinboson_T0_N20.pt,,13541.530000,0,0.025065,13541.53,822160,0,build+write_PT,1,1,8,58,n/a,n/a,n/a,PASS
cpp,spinboson,0.5,20,5,0.2,0.1,8,1e-8,19038.41,62,/home/gautham/ProcessTensors.jl/benchmark/JuliaVsC++/results/cpp/spinboson_T0.5_N20.log,/home/gautham/ProcessTensors.jl/benchmark/JuliaVsC++/results/cpp/spinboson_T0.5_N20.pt,,19038.410000,0,0.027351,19038.41,892344,0,build+write_PT,1,1,9,62,n/a,n/a,n/a,PASS
cpp,spinboson,1.0,20,5,0.2,0.1,8,1e-8,36707.00,75,/home/gautham/ProcessTensors.jl/benchmark/JuliaVsC++/results/cpp/spinboson_T1.0_N20.log,/home/gautham/ProcessTensors.jl/benchmark/JuliaVsC++/results/cpp/spinboson_T1.0_N20.pt,,36707.000000,0,0.039714,36707.00,1369476,0,build+write_PT,1,1,10,75,n/a,n/a,n/a,PASS
cpp,spinboson,3.0,10,5,0.2,0.1,8,1e-8,46880.77,106,/home/gautham/ProcessTensors.jl/benchmark/JuliaVsC++/results/cpp/spinboson_T3.0_N10.log,/home/gautham/ProcessTensors.jl/benchmark/JuliaVsC++/results/cpp/spinboson_T3.0_N10.pt,,46880.770000,0,0.067772,46880.77,2646204,0,build+write_PT,1,1,11,106,n/a,n/a,n/a,PASS
cpp,spinboson,3.0,20,5,0.2,0.1,8,1e-8,76629.67,94,/home/gautham/ProcessTensors.jl/benchmark/JuliaVsC++/results/cpp/spinboson_T3.0_N20.log,/home/gautham/ProcessTensors.jl/benchmark/JuliaVsC++/results/cpp/spinboson_T3.0_N20.pt,,76629.670000,0,0.054897,76629.67,2011428,0,build+write_PT,1,1,12,94,n/a,n/a,n/a,PASS
cpp,spinboson,3.0,50,5,0.2,0.1,8,1e-8,87471.97,73,/home/gautham/ProcessTensors.jl/benchmark/JuliaVsC++/results/cpp/spinboson_T3.0_N50.log,/home/gautham/ProcessTensors.jl/benchmark/JuliaVsC++/results/cpp/spinboson_T3.0_N50.pt,,87471.970000,0,0.038749,87471.97,1191812,0,build+write_PT,1,1,13,73,n/a,n/a,n/a,PASS
cpp,spinboson,3.0,100,5,0.2,0.1,8,1e-8,108092.72,63,/home/gautham/ProcessTensors.jl/benchmark/JuliaVsC++/results/cpp/spinboson_T3.0_N100.log,/home/gautham/ProcessTensors.jl/benchmark/JuliaVsC++/results/cpp/spinboson_T3.0_N100.pt,,108092.720000,0,0.030570,108092.72,897840,0,build+write_PT,1,1,14,63,n/a,n/a,n/a,PASS
