strategy,cutoff,t_build,t_median_s,t_mean_s,allocated_bytes,allocated_mib,allocs,nsamples,chi_max,eps_rho,eps_TP,eps_H,eps_pos
canonzip_ref,1.0e-13,0.573121083,0.612936541,0.6052955832000001,1388724680,1324.3910598754883,176170,5,36,0.0,3.109736256017745e-13,4.9918749076794626e-15,0.0
zipup,1.0e-6,0.031893125,0.035104375,0.035222608200000005,96396872,91.93122100830078,194942,5,6,1.0106587901684265e-5,5.422678488242738e-6,3.331850529607491e-15,0.0
canonzip,1.0e-6,0.032910792,0.036336541,0.036346633200000006,110746168,105.61577606201172,173969,5,6,4.343755865602679e-6,1.4957542426863326e-8,5.994054666268761e-15,0.0
zipup,1.0e-8,0.042968791,0.046865875,0.04690415,124015016,118.26993560791016,195397,5,7,8.020761570906328e-7,2.566534562653544e-8,3.529954891139017e-15,0.0
canonzip,1.0e-8,0.036521958,0.042062666,0.0403656832,132790152,126.63855743408203,174152,5,8,7.541004879301602e-7,1.4873451692487563e-8,6.174573670255703e-15,0.0
zipup,1.0e-10,0.206913167,0.222986916,0.2271183916,407580248,388.69881439208984,196228,5,20,3.271795896686729e-9,1.0071576905801826e-10,1.7360463372346054e-15,0.0
canonzip,1.0e-10,0.194117958,0.199807875,0.214954,527447336,503.01297760009766,175131,5,21,4.173813902760391e-10,7.743583567633195e-12,8.008492866346151e-15,0.0
zipup,1.0e-12,0.32798025,0.3405375,0.3505612582,712441336,679.4370040893555,196892,5,26,5.57541102915783e-11,4.651834473881196e-12,5.122854200216069e-15,0.0
canonzip,1.0e-12,0.303064833,0.340226833,0.33273891660000005,848636520,809.3228530883789,176272,5,26,4.409137487452862e-11,4.807265725420065e-12,6.221845135579871e-15,0.0
