t,dt,nsteps,method,sy,eps_sy,sys_order,mode_order,chi_max,cutoff,t_build_s
0.0,0.1,60,ed,0.0,0.0,0,0,0,NaN,0.0
0.1,0.1,60,ed,-0.09923468694714556,0.0,0,0,0,NaN,0.0
0.2,0.1,60,ed,-0.19394932204492626,0.0,0,0,0,NaN,0.0
0.3,0.1,60,ed,-0.27997565833700544,0.0,0,0,0,NaN,0.0
0.4,0.1,60,ed,-0.35381568345780967,0.0,0,0,0,NaN,0.0
0.5,0.1,60,ed,-0.4128968877407915,0.0,0,0,0,NaN,0.0
0.6,0.1,60,ed,-0.45574133842457654,0.0,0,0,0,NaN,0.0
0.7,0.1,60,ed,-0.4820346539814898,0.0,0,0,0,NaN,0.0
0.8,0.1,60,ed,-0.49259140929382,0.0,0,0,0,NaN,0.0
0.9,0.1,60,ed,-0.48922405225582316,0.0,0,0,0,NaN,0.0
1.0,0.1,60,ed,-0.4745318912782613,0.0,0,0,0,NaN,0.0
1.1,0.1,60,ed,-0.45163409367454316,0.0,0,0,0,NaN,0.0
1.2,0.1,60,ed,-0.423875166262335,0.0,0,0,0,NaN,0.0
1.3,0.1,60,ed,-0.39453267918783813,0.0,0,0,0,NaN,0.0
1.4,0.1,60,ed,-0.36655504137709777,0.0,0,0,0,NaN,0.0
1.5,0.1,60,ed,-0.34235231588910775,0.0,0,0,0,NaN,0.0
1.6,0.1,60,ed,-0.32365606332914676,0.0,0,0,0,NaN,0.0
1.7,0.1,60,ed,-0.31145592351851314,0.0,0,0,0,NaN,0.0
1.8,0.1,60,ed,-0.3060120872763911,0.0,0,0,0,NaN,0.0
1.9,0.1,60,ed,-0.3069349404127421,0.0,0,0,0,NaN,0.0
2.0,0.1,60,ed,-0.3133168090009714,0.0,0,0,0,NaN,0.0
2.1,0.1,60,ed,-0.3238964986578927,0.0,0,0,0,NaN,0.0
2.2,0.1,60,ed,-0.3372355193850558,0.0,0,0,0,NaN,0.0
2.3,0.1,60,ed,-0.35188554314211207,0.0,0,0,0,NaN,0.0
2.4,0.1,60,ed,-0.36652949959926107,0.0,0,0,0,NaN,0.0
2.5,0.1,60,ed,-0.3800832980797906,0.0,0,0,0,NaN,0.0
2.6,0.1,60,ed,-0.3917508404853143,0.0,0,0,0,NaN,0.0
2.7,0.1,60,ed,-0.4010310617930992,0.0,0,0,0,NaN,0.0
2.8,0.1,60,ed,-0.40768151485170445,0.0,0,0,0,NaN,0.0
2.9,0.1,60,ed,-0.4116479019387139,0.0,0,0,0,NaN,0.0
3.0,0.1,60,ed,-0.4129724825359895,0.0,0,0,0,NaN,0.0
3.1,0.1,60,ed,-0.4116961630174163,0.0,0,0,0,NaN,0.0
3.2,0.1,60,ed,-0.4077691927278287,0.0,0,0,0,NaN,0.0
3.3,0.1,60,ed,-0.40098382489130563,0.0,0,0,0,NaN,0.0
3.4,0.1,60,ed,-0.3909392807328898,0.0,0,0,0,NaN,0.0
3.5,0.1,60,ed,-0.3770452382414711,0.0,0,0,0,NaN,0.0
3.6,0.1,60,ed,-0.35856529829527134,0.0,0,0,0,NaN,0.0
3.7,0.1,60,ed,-0.3346969525809308,0.0,0,0,0,NaN,0.0
3.8,0.1,60,ed,-0.30467998788201217,0.0,0,0,0,NaN,0.0
3.9,0.1,60,ed,-0.2679214742103452,0.0,0,0,0,NaN,0.0
4.0,0.1,60,ed,-0.22412289375729896,0.0,0,0,0,NaN,0.0
4.1,0.1,60,ed,-0.17339386427752942,0.0,0,0,0,NaN,0.0
4.2,0.1,60,ed,-0.11633745397282283,0.0,0,0,0,NaN,0.0
4.3,0.1,60,ed,-0.054094283952365506,0.0,0,0,0,NaN,0.0
4.4,0.1,60,ed,0.011663683448508481,0.0,0,0,0,NaN,0.0
4.5,0.1,60,ed,0.07879387764440128,0.0,0,0,0,NaN,0.0
4.6,0.1,60,ed,0.14479694593328338,0.0,0,0,0,NaN,0.0
4.7,0.1,60,ed,0.2069764271483155,0.0,0,0,0,NaN,0.0
4.8,0.1,60,ed,0.26263164348424367,0.0,0,0,0,NaN,0.0
4.9,0.1,60,ed,0.3092668429889705,0.0,0,0,0,NaN,0.0
5.0,0.1,60,ed,0.3447968715197427,0.0,0,0,0,NaN,0.0
5.1,0.1,60,ed,0.3677288822013901,0.0,0,0,0,NaN,0.0
5.2,0.1,60,ed,0.3773010026403859,0.0,0,0,0,NaN,0.0
5.3,0.1,60,ed,0.3735624376685288,0.0,0,0,0,NaN,0.0
5.4,0.1,60,ed,0.3573848995098589,0.0,0,0,0,NaN,0.0
5.5,0.1,60,ed,0.330402005529138,0.0,0,0,0,NaN,0.0
5.6,0.1,60,ed,0.2948806584400071,0.0,0,0,0,NaN,0.0
5.7,0.1,60,ed,0.25353560804557335,0.0,0,0,0,NaN,0.0
5.8,0.1,60,ed,0.2093045562187026,0.0,0,0,0,NaN,0.0
5.9,0.1,60,ed,0.1651055657237133,0.0,0,0,0,NaN,0.0
6.0,0.1,60,ed,0.1236006122909325,0.0,0,0,0,NaN,0.0
0.0,0.1,60,ace,0.0,0.0,1,1,116,1.0e-12,28.3178422
0.1,0.1,60,ace,-0.09983341664682738,0.0005987296996818187,1,1,116,1.0e-12,28.3178422
0.2,0.1,60,ace,-0.19690037003068017,0.0029510479857539074,1,1,116,1.0e-12,28.3178422
0.3,0.1,60,ace,-0.28687875193927026,0.00690309360226482,1,1,116,1.0e-12,28.3178422
0.4,0.1,60,ace,-0.3660151193159149,0.012199435858105234,1,1,116,1.0e-12,28.3178422
0.5,0.1,60,ace,-0.4314001535373792,0.01850326579658773,1,1,116,1.0e-12,28.3178422
0.6,0.1,60,ace,-0.4811639198953784,0.02542258147080184,1,1,116,1.0e-12,28.3178422
0.7,0.1,60,ace,-0.5145745085351345,0.03253985455364472,1,1,116,1.0e-12,28.3178422
0.8,0.1,60,ace,-0.5320337995815487,0.039442390287728724,1,1,116,1.0e-12,28.3178422
0.9,0.1,60,ace,-0.5349746705566047,0.04575061830078159,1,1,116,1.0e-12,28.3178422
1.0,0.1,60,ace,-0.5256737596016545,0.051141868323393236,1,1,116,1.0e-12,28.3178422
1.1,0.1,60,ace,-0.5070018427890812,0.05536774911453807,1,1,116,1.0e-12,28.3178422
1.2,0.1,60,ace,-0.4821391564917897,0.058263990229454665,1,1,116,1.0e-12,28.3178422
1.3,0.1,60,ace,-0.45428511470530275,0.05975243551746462,1,1,116,1.0e-12,28.3178422
1.4,0.1,60,ace,-0.42639073970274183,0.05983569832564406,1,1,116,1.0e-12,28.3178422
1.5,0.1,60,ace,-0.4009380253510696,0.058585709461961843,1,1,116,1.0e-12,28.3178422
1.6,0.1,60,ace,-0.3797839971543088,0.05612793382516201,1,1,116,1.0e-12,28.3178422
1.7,0.1,60,ace,-0.3640792707437358,0.05262334722522266,1,1,116,1.0e-12,28.3178422
1.8,0.1,60,ace,-0.35426241561682326,0.048250328340432136,1,1,116,1.0e-12,28.3178422
1.9,0.1,60,ace,-0.35012337701691176,0.043188436604169655,1,1,116,1.0e-12,28.3178422
2.0,0.1,60,ace,-0.3509224613154551,0.037605652314483706,1,1,116,1.0e-12,28.3178422
2.1,0.1,60,ace,-0.35554660353365586,0.03165010487576314,1,1,116,1.0e-12,28.3178422
2.2,0.1,60,ace,-0.3626822015941725,0.025446682209116722,1,1,116,1.0e-12,28.3178422
2.3,0.1,60,ace,-0.3709838196158408,0.019098276473728748,1,1,116,1.0e-12,28.3178422
2.4,0.1,60,ace,-0.37922035060439097,0.0126908510051299,1,1,116,1.0e-12,28.3178422
2.5,0.1,60,ace,-0.38638437200024794,0.006301073920457367,1,1,116,1.0e-12,28.3178422
2.6,0.1,60,ace,-0.39175583913579337,4.998650479093314e-6,1,1,116,1.0e-12,28.3178422
2.7,0.1,60,ace,-0.3949172655673813,0.0061137962257178935,1,1,116,1.0e-12,28.3178422
2.8,0.1,60,ace,-0.39572344626429706,0.011958068587407389,1,1,116,1.0e-12,28.3178422
2.9,0.1,60,ace,-0.39423396682857603,0.01741393511013789,1,1,116,1.0e-12,28.3178422
3.0,0.1,60,ace,-0.3906207033896491,0.0223517791463404,1,1,116,1.0e-12,28.3178422
3.1,0.1,60,ace,-0.38506490964280693,0.026631253374609365,1,1,116,1.0e-12,28.3178422
3.2,0.1,60,ace,-0.37765914302384795,0.030110049703980735,1,1,116,1.0e-12,28.3178422
3.3,0.1,60,ace,-0.36832821489516815,0.03265560999613748,1,1,116,1.0e-12,28.3178422
3.4,0.1,60,ace,-0.3567807367771437,0.03415854395574608,1,1,116,1.0e-12,28.3178422
3.5,0.1,60,ace,-0.3424989900909766,0.03454624815049451,1,1,116,1.0e-12,28.3178422
3.6,0.1,60,ace,-0.3247701870618097,0.03379511123346163,1,1,116,1.0e-12,28.3178422
3.7,0.1,60,ace,-0.30275719552645164,0.031939757054479156,1,1,116,1.0e-12,28.3178422
3.8,0.1,60,ace,-0.2756019738259802,0.029078014056031998,1,1,116,1.0e-12,28.3178422
3.9,0.1,60,ace,-0.24255079016317793,0.025370684047167247,1,1,116,1.0e-12,28.3178422
4.0,0.1,60,ace,-0.20308721454695786,0.021035679210341107,1,1,116,1.0e-12,28.3178422
4.1,0.1,60,ace,-0.15705720752401564,0.016336656753513784,1,1,116,1.0e-12,28.3178422
4.2,0.1,60,ace,-0.10477061061863777,0.011566843354185063,1,1,116,1.0e-12,28.3178422
4.3,0.1,60,ace,-0.047065015884995454,0.007029268067370052,1,1,116,1.0e-12,28.3178422
4.4,0.1,60,ace,0.014678714111324306,0.003015030662815825,1,1,116,1.0e-12,28.3178422
4.5,0.1,60,ace,0.07857537898063072,0.00021849866377056382,1,1,116,1.0e-12,28.3178422
4.6,0.1,60,ace,0.14232938214702304,0.0024675637862603406,1,1,116,1.0e-12,28.3178422
4.7,0.1,60,ace,0.20337830898302595,0.0035981181652895433,1,1,116,1.0e-12,28.3178422
4.8,0.1,60,ace,0.25907508103567534,0.0035565624485683345,1,1,116,1.0e-12,28.3178422
4.9,0.1,60,ace,0.30689282038721194,0.002374022601758563,1,1,116,1.0e-12,28.3178422
5.0,0.1,60,ace,0.3446332141540536,0.00016365736568907385,1,1,116,1.0e-12,28.3178422
5.1,0.1,60,ace,0.3706177431584483,0.0028888609570582036,1,1,116,1.0e-12,28.3178422
5.2,0.1,60,ace,0.3838418679411292,0.0065408653007432704,1,1,116,1.0e-12,28.3178422
5.3,0.1,60,ace,0.3840752612682291,0.010512823599700294,1,1,116,1.0e-12,28.3178422
5.4,0.1,60,ace,0.3718961303994702,0.014511230889611315,1,1,116,1.0e-12,28.3178422
5.5,0.1,60,ace,0.3486541304945519,0.018252124965413896,1,1,116,1.0e-12,28.3178422
5.6,0.1,60,ace,0.31636370100184746,0.02148304256184036,1,1,116,1.0e-12,28.3178422
5.7,0.1,60,ace,0.27753700575347556,0.024001397707902217,1,1,116,1.0e-12,28.3178422
5.8,0.1,60,ace,0.23497223108170795,0.025667674863005363,1,1,116,1.0e-12,28.3178422
5.9,0.1,60,ace,0.1915179918689788,0.02641242614526551,1,1,116,1.0e-12,28.3178422
6.0,0.1,60,ace,0.14983726017931814,0.026236647888385645,1,1,116,1.0e-12,28.3178422
0.0,0.1,60,ace,0.0,0.0,1,2,116,1.0e-12,13.258677502
0.1,0.1,60,ace,-0.09983341664682674,0.0005987296996811803,1,2,116,1.0e-12,13.258677502
0.2,0.1,60,ace,-0.19690037003067895,0.002951047985752686,1,2,116,1.0e-12,13.258677502
0.3,0.1,60,ace,-0.2868787519392685,0.006903093602263044,1,2,116,1.0e-12,13.258677502
0.4,0.1,60,ace,-0.36601511931591235,0.01219943585810268,1,2,116,1.0e-12,13.258677502
0.5,0.1,60,ace,-0.4314001535373765,0.01850326579658501,1,2,116,1.0e-12,13.258677502
0.6,0.1,60,ace,-0.48116391989537466,0.025422581470798122,1,2,116,1.0e-12,13.258677502
0.7,0.1,60,ace,-0.5145745085351308,0.032539854553640946,1,2,116,1.0e-12,13.258677502
0.8,0.1,60,ace,-0.5320337995815454,0.03944239028772539,1,2,116,1.0e-12,13.258677502
0.9,0.1,60,ace,-0.5349746705566019,0.0457506183007787,1,2,116,1.0e-12,13.258677502
1.0,0.1,60,ace,-0.5256737596016527,0.05114186832339146,1,2,116,1.0e-12,13.258677502
1.1,0.1,60,ace,-0.507001842789081,0.055367749114537845,1,2,116,1.0e-12,13.258677502
1.2,0.1,60,ace,-0.4821391564917925,0.058263990229457496,1,2,116,1.0e-12,13.258677502
1.3,0.1,60,ace,-0.4542851147053052,0.05975243551746706,1,2,116,1.0e-12,13.258677502
1.4,0.1,60,ace,-0.42639073970273966,0.059835698325641895,1,2,116,1.0e-12,13.258677502
1.5,0.1,60,ace,-0.40093802535106493,0.05858570946195718,1,2,116,1.0e-12,13.258677502
1.6,0.1,60,ace,-0.3797839971543008,0.05612793382515402,1,2,116,1.0e-12,13.258677502
1.7,0.1,60,ace,-0.3640792707437292,0.052623347225216055,1,2,116,1.0e-12,13.258677502
1.8,0.1,60,ace,-0.35426241561681543,0.04825032834042431,1,2,116,1.0e-12,13.258677502
1.9,0.1,60,ace,-0.35012337701689056,0.04318843660414845,1,2,116,1.0e-12,13.258677502
2.0,0.1,60,ace,-0.35092246131541766,0.037605652314446236,1,2,116,1.0e-12,13.258677502
2.1,0.1,60,ace,-0.35554660353357087,0.03165010487567815,1,2,116,1.0e-12,13.258677502
2.2,0.1,60,ace,-0.3626822015940261,0.025446682208970284,1,2,116,1.0e-12,13.258677502
2.3,0.1,60,ace,-0.3709838196157018,0.019098276473589748,1,2,116,1.0e-12,13.258677502
2.4,0.1,60,ace,-0.379220350604333,0.012690851005071946,1,2,116,1.0e-12,13.258677502
2.5,0.1,60,ace,-0.3863843720003043,0.006301073920513711,1,2,116,1.0e-12,13.258677502
2.6,0.1,60,ace,-0.39175583913608214,4.998650767862323e-6,1,2,116,1.0e-12,13.258677502
2.7,0.1,60,ace,-0.3949172655681096,0.006113796224989643,1,2,116,1.0e-12,13.258677502
2.8,0.1,60,ace,-0.39572344626568945,0.011958068586015003,1,2,116,1.0e-12,13.258677502
2.9,0.1,60,ace,-0.3942339668309144,0.01741393510779954,1,2,116,1.0e-12,13.258677502
3.0,0.1,60,ace,-0.3906207033932775,0.022351779142712025,1,2,116,1.0e-12,13.258677502
3.1,0.1,60,ace,-0.385064909648108,0.026631253369308272,1,2,116,1.0e-12,13.258677502
3.2,0.1,60,ace,-0.3776591430309987,0.03011004969683001,1,2,116,1.0e-12,13.258677502
3.3,0.1,60,ace,-0.3683282149047372,0.03265560998656841,1,2,116,1.0e-12,13.258677502
3.4,0.1,60,ace,-0.3567807367887308,0.034158543944159014,1,2,116,1.0e-12,13.258677502
3.5,0.1,60,ace,-0.34249899010397317,0.03454624813749796,1,2,116,1.0e-12,13.258677502
3.6,0.1,60,ace,-0.3247701870746838,0.03379511122058754,1,2,116,1.0e-12,13.258677502
3.7,0.1,60,ace,-0.3027571955390925,0.03193975704183827,1,2,116,1.0e-12,13.258677502
3.8,0.1,60,ace,-0.2756019738347767,0.02907801404723548,1,2,116,1.0e-12,13.258677502
3.9,0.1,60,ace,-0.24255079016457248,0.025370684045772696,1,2,116,1.0e-12,13.258677502
4.0,0.1,60,ace,-0.2030872145374759,0.02103567921982305,1,2,116,1.0e-12,13.258677502
4.1,0.1,60,ace,-0.1570572074997936,0.016336656777735825,1,2,116,1.0e-12,13.258677502
4.2,0.1,60,ace,-0.10477061057464224,0.011566843398180593,1,2,116,1.0e-12,13.258677502
4.3,0.1,60,ace,-0.047065015815262366,0.00702926813710314,1,2,116,1.0e-12,13.258677502
4.4,0.1,60,ace,0.014678714210907176,0.0030150307623986947,1,2,116,1.0e-12,13.258677502
4.5,0.1,60,ace,0.07857537911133347,0.00021849853306780964,1,2,116,1.0e-12,13.258677502
4.6,0.1,60,ace,0.142329382307185,0.0024675636260983735,1,2,116,1.0e-12,13.258677502
4.7,0.1,60,ace,0.20337830916727972,0.0035981179810357644,1,2,116,1.0e-12,13.258677502
4.8,0.1,60,ace,0.25907508123570333,0.0035565622485403403,1,2,116,1.0e-12,13.258677502
4.9,0.1,60,ace,0.30689282059234374,0.0023740223966267626,1,2,116,1.0e-12,13.258677502
5.0,0.1,60,ace,0.3446332143530043,0.0001636571667383846,1,2,116,1.0e-12,13.258677502
5.1,0.1,60,ace,0.3706177433396758,0.002888861138285681,1,2,116,1.0e-12,13.258677502
5.2,0.1,60,ace,0.38384186809180515,0.006540865451419242,1,2,116,1.0e-12,13.258677502
5.3,0.1,60,ace,0.38407526137613285,0.010512823707604035,1,2,116,1.0e-12,13.258677502
5.4,0.1,60,ace,0.37189613045727915,0.01451123094742024,1,2,116,1.0e-12,13.258677502
5.5,0.1,60,ace,0.3486541305060998,0.01825212497696177,1,2,116,1.0e-12,13.258677502
5.6,0.1,60,ace,0.3163637009834335,0.021483042543426423,1,2,116,1.0e-12,13.258677502
5.7,0.1,60,ace,0.2775370057436356,0.024001397698062255,1,2,116,1.0e-12,13.258677502
5.8,0.1,60,ace,0.23497223114140237,0.02566767492269978,1,2,116,1.0e-12,13.258677502
5.9,0.1,60,ace,0.19151799207169445,0.02641242634798116,1,2,116,1.0e-12,13.258677502
6.0,0.1,60,ace,0.149837260586859,0.026236648295926507,1,2,116,1.0e-12,13.258677502
0.0,0.1,60,ace,0.0,0.0,2,1,116,1.0e-12,9.601031163
0.1,0.1,60,ace,-0.09893659378284915,0.0002980931642964091,2,1,116,1.0e-12,9.601031163
0.2,0.1,60,ace,-0.19337156164091895,0.0005777604040073103,2,1,116,1.0e-12,9.601031163
0.3,0.1,60,ace,-0.27915363329239645,0.0008220250446089872,2,1,116,1.0e-12,9.601031163
0.4,0.1,60,ace,-0.3527990170237177,0.001016666434091984,2,1,116,1.0e-12,9.601031163
0.5,0.1,60,ace,-0.4117456298416199,0.0011512578991715872,2,1,116,1.0e-12,9.601031163
0.6,0.1,60,ace,-0.4545214985921973,0.0012198398323792214,2,1,116,1.0e-12,9.601031163
0.7,0.1,60,ace,-0.4808134814317448,0.0012211725497450199,2,1,116,1.0e-12,9.601031163
0.8,0.1,60,ace,-0.491432849593923,0.0011585596998969772,2,1,116,1.0e-12,9.601031163
0.9,0.1,60,ace,-0.488184773243692,0.0010392790121311335,2,1,116,1.0e-12,9.601031163
1.0,0.1,60,ace,-0.4736581936718103,0.0008736976064510071,2,1,116,1.0e-12,9.601031163
1.1,0.1,60,ace,-0.4509599143318407,0.0006741793427024745,2,1,116,1.0e-12,9.601031163
1.2,0.1,60,ace,-0.4234212577930121,0.00045390846932291673,2,1,116,1.0e-12,9.601031163
1.3,0.1,60,ace,-0.39430692348768304,0.00022575570015509472,2,1,116,1.0e-12,9.601031163
1.4,0.1,60,ace,-0.366553741296414,1.3000806837748513e-6,2,1,116,1.0e-12,9.601031163
1.5,0.1,60,ace,-0.3425622209715615,0.00020990508245377626,2,1,116,1.0e-12,9.601031163
1.6,0.1,60,ace,-0.3240568312513392,0.0004007679221924576,2,1,116,1.0e-12,9.601031163
1.7,0.1,60,ace,-0.3120227026645813,0.0005667791460681748,2,1,116,1.0e-12,9.601031163
1.8,0.1,60,ace,-0.3067179279143689,0.0007058406379777948,2,1,116,1.0e-12,9.601031163
1.9,0.1,60,ace,-0.3077527959982931,0.000817855585550975,2,1,116,1.0e-12,9.601031163
2.0,0.1,60,ace,-0.3142209680418837,0.000904159040912289,2,1,116,1.0e-12,9.601031163
2.1,0.1,60,ace,-0.32486337898378637,0.0009668803258936487,2,1,116,1.0e-12,9.601031163
2.2,0.1,60,ace,-0.33824384903684923,0.001008329651793427,2,1,116,1.0e-12,9.601031163
2.3,0.1,60,ace,-0.3529160343886678,0.0010304912465557425,2,1,116,1.0e-12,9.601031163
2.4,0.1,60,ace,-0.36756418459036533,0.0010346849911042622,2,1,116,1.0e-12,9.601031163
2.5,0.1,60,ace,-0.38110473009401813,0.0010214320142275524,2,1,116,1.0e-12,9.601031163
2.6,0.1,60,ace,-0.3927413704862951,0.000990530000980816,2,1,116,1.0e-12,9.601031163
2.7,0.1,60,ace,-0.40197237737515346,0.0009413155820542363,2,1,116,1.0e-12,9.601031163
2.8,0.1,60,ace,-0.40855458068298567,0.0008730658312812167,2,1,116,1.0e-12,9.601031163
2.9,0.1,60,ace,-0.412433375255824,0.0007854733171100969,2,1,116,1.0e-12,9.601031163
3.0,0.1,60,ace,-0.41365160234093695,0.0006791198049474478,2,1,116,1.0e-12,9.601031163
3.1,0.1,60,ace,-0.4122520372046842,0.0005558741872678796,2,1,116,1.0e-12,9.601031163
3.2,0.1,60,ace,-0.40818834214359795,0.0004191494157692599,2,1,116,1.0e-12,9.601031163
3.3,0.1,60,ace,-0.4012577952681652,0.00027397037685955583,2,1,116,1.0e-12,9.601031163
3.4,0.1,60,ace,-0.3910661082610338,0.00012682752814396903,2,1,116,1.0e-12,9.601031163
3.5,0.1,60,ace,-0.37703055528218504,1.4682959286083097e-5,2,1,116,1.0e-12,9.601031163
3.6,0.1,60,ace,-0.3584228925856844,0.00014240570958695686,2,1,116,1.0e-12,9.601031163
3.7,0.1,60,ace,-0.33444864355607723,0.00024830902485356576,2,1,116,1.0e-12,9.601031163
3.8,0.1,60,ace,-0.3043547522559481,0.00032523562606406875,2,1,116,1.0e-12,9.601031163
3.9,0.1,60,ace,-0.26755383253263465,0.00036764167771052847,2,1,116,1.0e-12,9.601031163
4.0,0.1,60,ace,-0.22375065194037624,0.0003722418169227193,2,1,116,1.0e-12,9.601031163
4.1,0.1,60,ace,-0.1730553793457838,0.0003384849317456251,2,1,116,1.0e-12,9.601031163
4.2,0.1,60,ace,-0.11606865675555031,0.0002687972172725206,2,1,116,1.0e-12,9.601031163
4.3,0.1,60,ace,-0.053925727601444394,0.00016855635092111187,2,1,116,1.0e-12,9.601031163
4.4,0.1,60,ace,0.011709465854106725,4.578240559824365e-5,2,1,116,1.0e-12,9.601031163
4.5,0.1,60,ace,0.07870443959843647,8.943804596481253e-5,2,1,116,1.0e-12,9.601031163
4.6,0.1,60,ace,0.14457119799370632,0.00022574793957705341,2,1,116,1.0e-12,9.601031163
4.7,0.1,60,ace,0.20662496228630936,0.0003514648620061289,2,1,116,1.0e-12,9.601031163
4.8,0.1,60,ace,0.26217605388317383,0.00045558960106983903,2,1,116,1.0e-12,9.601031163
4.9,0.1,60,ace,0.30873806201286086,0.000528780976109644,2,1,116,1.0e-12,9.601031163
5.0,0.1,60,ace,0.3442326745658456,0.0005641969538970892,2,1,116,1.0e-12,9.601031163
5.1,0.1,60,ace,0.3671707739823733,0.0005581082190168063,2,1,116,1.0e-12,9.601031163
5.2,0.1,60,ace,0.3767907677697332,0.0005102348706527149,2,1,116,1.0e-12,9.601031163
5.3,0.1,60,ace,0.3731386809339887,0.00042375673454009277,2,1,116,1.0e-12,9.601031163
5.4,0.1,60,ace,0.35707991595292254,0.0003049835569363668,2,1,116,1.0e-12,9.601031163
5.5,0.1,60,ace,0.33023927785726315,0.0001627276718748627,2,1,116,1.0e-12,9.601031163
5.6,0.1,60,ace,0.29487321109144116,7.447348565947642e-6,2,1,116,1.0e-12,9.601031163
5.7,0.1,60,ace,0.25368534300227635,0.00014973495670300707,2,1,116,1.0e-12,9.601031163
5.8,0.1,60,ace,0.2096025975805931,0.00029804136189051644,2,1,116,1.0e-12,9.601031163
5.9,0.1,60,ace,0.16553358292362713,0.00042801719991383824,2,1,116,1.0e-12,9.601031163
6.0,0.1,60,ace,0.12413296399983288,0.0005323517089003832,2,1,116,1.0e-12,9.601031163
0.0,0.1,60,ace,0.0,0.0,2,2,116,1.0e-12,10.814833825
0.1,0.1,60,ace,-0.09893659378284869,0.00029809316429686705,2,2,116,1.0e-12,10.814833825
0.2,0.1,60,ace,-0.1933715616409181,0.0005777604040081707,2,2,116,1.0e-12,10.814833825
0.3,0.1,60,ace,-0.2791536332923953,0.0008220250446101529,2,2,116,1.0e-12,10.814833825
0.4,0.1,60,ace,-0.35279901702371597,0.0010166664340937048,2,2,116,1.0e-12,10.814833825
0.5,0.1,60,ace,-0.4117456298416181,0.0011512578991733635,2,2,116,1.0e-12,10.814833825
0.6,0.1,60,ace,-0.45452149859219493,0.0012198398323816084,2,2,116,1.0e-12,10.814833825
0.7,0.1,60,ace,-0.48081348143174263,0.0012211725497471848,2,2,116,1.0e-12,10.814833825
0.8,0.1,60,ace,-0.4914328495939218,0.0011585596998981984,2,2,116,1.0e-12,10.814833825
0.9,0.1,60,ace,-0.488184773243691,0.0010392790121321882,2,2,116,1.0e-12,10.814833825
1.0,0.1,60,ace,-0.47365819367180995,0.0008736976064513402,2,2,116,1.0e-12,10.814833825
1.1,0.1,60,ace,-0.4509599143318419,0.0006741793427012532,2,2,116,1.0e-12,10.814833825
1.2,0.1,60,ace,-0.42342125779301687,0.00045390846931814277,2,2,116,1.0e-12,10.814833825
1.3,0.1,60,ace,-0.3943069234876872,0.00022575570015093138,2,2,116,1.0e-12,10.814833825
1.4,0.1,60,ace,-0.36655374129641327,1.3000806844964963e-6,2,2,116,1.0e-12,10.814833825
1.5,0.1,60,ace,-0.34256222097155603,0.00020990508244828066,2,2,116,1.0e-12,10.814833825
1.6,0.1,60,ace,-0.32405683125132856,0.00040076792218179946,2,2,116,1.0e-12,10.814833825
1.7,0.1,60,ace,-0.31202270266456905,0.0005667791460559068,2,2,116,1.0e-12,10.814833825
1.8,0.1,60,ace,-0.306717927914355,0.0007058406379638615,2,2,116,1.0e-12,10.814833825
1.9,0.1,60,ace,-0.3077527959982599,0.0008178555855177794,2,2,116,1.0e-12,10.814833825
2.0,0.1,60,ace,-0.3142209680418332,0.0009041590408617739,2,2,116,1.0e-12,10.814833825
2.1,0.1,60,ace,-0.32486337898368867,0.0009668803257959491,2,2,116,1.0e-12,10.814833825
2.2,0.1,60,ace,-0.3382438490366917,0.0010083296516358864,2,2,116,1.0e-12,10.814833825
2.3,0.1,60,ace,-0.3529160343885205,0.001030491246408416,2,2,116,1.0e-12,10.814833825
2.4,0.1,60,ace,-0.36756418459030427,0.0010346849910431999,2,2,116,1.0e-12,10.814833825
2.5,0.1,60,ace,-0.3811047300940778,0.0010214320142872269,2,2,116,1.0e-12,10.814833825
2.6,0.1,60,ace,-0.39274137048660096,0.0009905300012866824,2,2,116,1.0e-12,10.814833825
2.7,0.1,60,ace,-0.4019723773759227,0.0009413155828234543,2,2,116,1.0e-12,10.814833825
2.8,0.1,60,ace,-0.40855458068444617,0.0008730658327417151,2,2,116,1.0e-12,10.814833825
2.9,0.1,60,ace,-0.41243337525826446,0.0007854733195505337,2,2,116,1.0e-12,10.814833825
3.0,0.1,60,ace,-0.41365160234470966,0.0006791198087201522,2,2,116,1.0e-12,10.814833825
3.1,0.1,60,ace,-0.4122520372101739,0.0005558741927575994,2,2,116,1.0e-12,10.814833825
3.2,0.1,60,ace,-0.40818834215099786,0.0004191494231691739,2,2,116,1.0e-12,10.814833825
3.3,0.1,60,ace,-0.4012577952780826,0.00027397038677695607,2,2,116,1.0e-12,10.814833825
3.4,0.1,60,ace,-0.3910661082729373,0.00012682754004750274,2,2,116,1.0e-12,10.814833825
3.5,0.1,60,ace,-0.3770305552955291,1.4682945942035008e-5,2,2,116,1.0e-12,10.814833825
3.6,0.1,60,ace,-0.35842289259888593,0.0001424056963854059,2,2,116,1.0e-12,10.814833825
3.7,0.1,60,ace,-0.33444864356900206,0.0002483090119287379,2,2,116,1.0e-12,10.814833825
3.8,0.1,60,ace,-0.3043547522649002,0.0003252356171119519,2,2,116,1.0e-12,10.814833825
3.9,0.1,60,ace,-0.26755383253396864,0.00036764167637654,2,2,116,1.0e-12,10.814833825
4.0,0.1,60,ace,-0.22375065193063198,0.00037224182666698025,2,2,116,1.0e-12,10.814833825
4.1,0.1,60,ace,-0.17305537932109125,0.00033848495643817866,2,2,116,1.0e-12,10.814833825
4.2,0.1,60,ace,-0.11606865671085653,0.00026879726196629705,2,2,116,1.0e-12,10.814833825
4.3,0.1,60,ace,-0.053925727530800015,0.0001685564215654911,2,2,116,1.0e-12,10.814833825
4.4,0.1,60,ace,0.0117094659548312,4.578250632271928e-5,2,2,116,1.0e-12,10.814833825
4.5,0.1,60,ace,0.0787044397304596,8.943791394168399e-5,2,2,116,1.0e-12,10.814833825
4.6,0.1,60,ace,0.14457119815509453,0.00022574777818884506,2,2,116,1.0e-12,10.814833825
4.7,0.1,60,ace,0.20662496247127388,0.000351464677041613,2,2,116,1.0e-12,10.814833825
4.8,0.1,60,ace,0.26217605408276434,0.00045558940147932825,2,2,116,1.0e-12,10.814833825
4.9,0.1,60,ace,0.3087380622156808,0.0005287807732897165,2,2,116,1.0e-12,10.814833825
5.0,0.1,60,ace,0.34423267475994074,0.0005641967598019604,2,2,116,1.0e-12,10.814833825
5.1,0.1,60,ace,0.3671707741558089,0.0005581080455812071,2,2,116,1.0e-12,10.814833825
5.2,0.1,60,ace,0.3767907679097937,0.0005102347305921962,2,2,116,1.0e-12,10.814833825
5.3,0.1,60,ace,0.3731386810292927,0.00042375663923610585,2,2,116,1.0e-12,10.814833825
5.4,0.1,60,ace,0.35707991599780176,0.00030498351205715535,2,2,116,1.0e-12,10.814833825
5.5,0.1,60,ace,0.3302392778580956,0.00016272767104241748,2,2,116,1.0e-12,10.814833825
5.6,0.1,60,ace,0.2948732110678175,7.447372189606227e-6,2,2,116,1.0e-12,10.814833825
5.7,0.1,60,ace,0.25368534299654555,0.00014973495097220235,2,2,116,1.0e-12,10.814833825
5.8,0.1,60,ace,0.2096025976581486,0.00029804143944600625,2,2,116,1.0e-12,10.814833825
5.9,0.1,60,ace,0.1655335831631774,0.00042801743946410675,2,2,116,1.0e-12,10.814833825
6.0,0.1,60,ace,0.12413296446913391,0.0005323521782014118,2,2,116,1.0e-12,10.814833825
