t,dt,nsteps,method,sy,eps_sy,chi_max,cutoff,sys_alg,combine_alg,t_build_s
0.0,0.2,30,ed,0.0,0.0,0,NaN,NA,NA,0.0
0.0,0.2,30,exact_pt,0.0,0.0,256,NaN,Trotter2,NA,14.521898725
0.0,0.2,30,ace,0.0,0.0,151,1.0e-12,Trotter2,Trotter2,23.402049289
0.2,0.2,30,ed,-0.19394932204492626,0.0,0,NaN,NA,NA,0.0
0.2,0.2,30,exact_pt,-0.1916293000513483,0.0023200219935779753,256,NaN,Trotter2,NA,14.521898725
0.2,0.2,30,ace,-0.1916293000513547,0.002320021993571564,151,1.0e-12,Trotter2,Trotter2,23.402049289
0.4,0.2,30,ed,-0.35381568345780967,0.0,0,NaN,NA,NA,0.0
0.4,0.2,30,exact_pt,-0.34973217345226937,0.004083510005540303,256,NaN,Trotter2,NA,14.521898725
0.4,0.2,30,ace,-0.34973217345223734,0.004083510005572333,151,1.0e-12,Trotter2,Trotter2,23.402049289
0.6,0.2,30,ed,-0.45574133842457654,0.0,0,NaN,NA,NA,0.0
0.6,0.2,30,exact_pt,-0.4508393158529554,0.004902022571621145,256,NaN,Trotter2,NA,14.521898725
0.6,0.2,30,ace,-0.4508393158530011,0.0049020225715754595,151,1.0e-12,Trotter2,Trotter2,23.402049289
0.8,0.2,30,ed,-0.49259140929382,0.0,0,NaN,NA,NA,0.0
0.8,0.2,30,exact_pt,-0.4879313167803171,0.004660092513502911,256,NaN,Trotter2,NA,14.521898725
0.8,0.2,30,ace,-0.48793131678055335,0.004660092513266656,151,1.0e-12,Trotter2,Trotter2,23.402049289
1.0,0.2,30,ed,-0.4745318912782613,0.0,0,NaN,NA,NA,0.0
1.0,0.2,30,exact_pt,-0.4710108309554927,0.00352106032276861,256,NaN,Trotter2,NA,14.521898725
1.0,0.2,30,ace,-0.4710108309555907,0.0035210603226705772,151,1.0e-12,Trotter2,Trotter2,23.402049289
1.2,0.2,30,ed,-0.423875166262335,0.0,0,NaN,NA,NA,0.0
1.2,0.2,30,exact_pt,-0.42203532743515393,0.001839838827181084,256,NaN,Trotter2,NA,14.521898725
1.2,0.2,30,ace,-0.42203532743447336,0.0018398388278616506,151,1.0e-12,Trotter2,Trotter2,23.402049289
1.4,0.2,30,ed,-0.36655504137709777,0.0,0,NaN,NA,NA,0.0
1.4,0.2,30,exact_pt,-0.36652955110428465,2.5490272813122328e-5,256,NaN,Trotter2,NA,14.521898725
1.4,0.2,30,ace,-0.3665295511028419,2.5490274255857148e-5,151,1.0e-12,Trotter2,Trotter2,23.402049289
1.6,0.2,30,ed,-0.32365606332914676,0.0,0,NaN,NA,NA,0.0
1.6,0.2,30,exact_pt,-0.3252438231811642,0.001587759852017423,256,NaN,Trotter2,NA,14.521898725
1.6,0.2,30,ace,-0.3252438231803299,0.0015877598511831459,151,1.0e-12,Trotter2,Trotter2,23.402049289
1.8,0.2,30,ed,-0.3060120872763911,0.0,0,NaN,NA,NA,0.0
1.8,0.2,30,exact_pt,-0.3088254436692073,0.0028133563928161576,256,NaN,Trotter2,NA,14.521898725
1.8,0.2,30,ace,-0.3088254436676442,0.0028133563912530746,151,1.0e-12,Trotter2,Trotter2,23.402049289
2.0,0.2,30,ed,-0.3133168090009714,0.0,0,NaN,NA,NA,0.0
2.0,0.2,30,exact_pt,-0.31692854707277507,0.0036117380718036496,256,NaN,Trotter2,NA,14.521898725
2.0,0.2,30,ace,-0.31692854706633733,0.0036117380653659104,151,1.0e-12,Trotter2,Trotter2,23.402049289
2.2,0.2,30,ed,-0.3372355193850558,0.0,0,NaN,NA,NA,0.0
2.2,0.2,30,exact_pt,-0.3412685829294867,0.004033063544430893,256,NaN,Trotter2,NA,14.521898725
2.2,0.2,30,ace,-0.3412685829125172,0.004033063527461411,151,1.0e-12,Trotter2,Trotter2,23.402049289
2.4,0.2,30,ed,-0.36652949959926107,0.0,0,NaN,NA,NA,0.0
2.4,0.2,30,exact_pt,-0.37067207151825354,0.004142571918992477,256,NaN,Trotter2,NA,14.521898725
2.4,0.2,30,ace,-0.37067207149946957,0.004142571900208503,151,1.0e-12,Trotter2,Trotter2,23.402049289
2.6,0.2,30,ed,-0.3917508404853143,0.0,0,NaN,NA,NA,0.0
2.6,0.2,30,exact_pt,-0.39572023782403865,0.0039693973387243675,256,NaN,Trotter2,NA,14.521898725
2.6,0.2,30,ace,-0.39572023780143395,0.003969397316119672,151,1.0e-12,Trotter2,Trotter2,23.402049289
2.8,0.2,30,ed,-0.40768151485170445,0.0,0,NaN,NA,NA,0.0
2.8,0.2,30,exact_pt,-0.41118361340017817,0.00350209854847372,256,NaN,Trotter2,NA,14.521898725
2.8,0.2,30,ace,-0.4111836133733472,0.003502098521642738,151,1.0e-12,Trotter2,Trotter2,23.402049289
3.0,0.2,30,ed,-0.4129724825359895,0.0,0,NaN,NA,NA,0.0
3.0,0.2,30,exact_pt,-0.41570000250596906,0.0027275199699795527,256,NaN,Trotter2,NA,14.521898725
3.0,0.2,30,ace,-0.4157000024751182,0.0027275199391286753,151,1.0e-12,Trotter2,Trotter2,23.402049289
3.2,0.2,30,ed,-0.4077691927278287,0.0,0,NaN,NA,NA,0.0
3.2,0.2,30,exact_pt,-0.40945611440266916,0.0016869216748404692,256,NaN,Trotter2,NA,14.521898725
3.2,0.2,30,ace,-0.4094561143743131,0.0016869216464844294,151,1.0e-12,Trotter2,Trotter2,23.402049289
3.4,0.2,30,ed,-0.3909392807328898,0.0,0,NaN,NA,NA,0.0
3.4,0.2,30,exact_pt,-0.391453864824401,0.0005145840915111721,256,NaN,Trotter2,NA,14.521898725
3.4,0.2,30,ace,-0.3914538648069169,0.0005145840740271024,151,1.0e-12,Trotter2,Trotter2,23.402049289
3.6,0.2,30,ed,-0.35856529829527134,0.0,0,NaN,NA,NA,0.0
3.6,0.2,30,exact_pt,-0.35799762633002447,0.0005676719652468742,256,NaN,Trotter2,NA,14.521898725
3.6,0.2,30,ace,-0.3579976263497012,0.000567671945570114,151,1.0e-12,Trotter2,Trotter2,23.402049289
3.8,0.2,30,ed,-0.30467998788201217,0.0,0,NaN,NA,NA,0.0
3.8,0.2,30,exact_pt,-0.30337415070365154,0.001305837178360636,256,NaN,Trotter2,NA,14.521898725
3.8,0.2,30,ace,-0.3033741508120694,0.0013058370699427502,151,1.0e-12,Trotter2,Trotter2,23.402049289
4.0,0.2,30,ed,-0.22412289375729896,0.0,0,NaN,NA,NA,0.0
4.0,0.2,30,exact_pt,-0.2226220995011519,0.0015007942561470755,256,NaN,Trotter2,NA,14.521898725
4.0,0.2,30,ace,-0.2226220997333491,0.0015007940239498696,151,1.0e-12,Trotter2,Trotter2,23.402049289
4.2,0.2,30,ed,-0.11633745397282283,0.0,0,NaN,NA,NA,0.0
4.2,0.2,30,exact_pt,-0.11524525551193611,0.0010921984608867202,256,NaN,Trotter2,NA,14.521898725
4.2,0.2,30,ace,-0.11524525579559955,0.0010921981772232803,151,1.0e-12,Trotter2,Trotter2,23.402049289
4.4,0.2,30,ed,0.011663683448508481,0.0,0,NaN,NA,NA,0.0
4.4,0.2,30,exact_pt,0.011865550230732404,0.00020186678222392299,256,NaN,Trotter2,NA,14.521898725
4.4,0.2,30,ace,0.011865550213206965,0.00020186676469848355,151,1.0e-12,Trotter2,Trotter2,23.402049289
4.6,0.2,30,ed,0.14479694593328338,0.0,0,NaN,NA,NA,0.0
4.6,0.2,30,exact_pt,0.1439099713091749,0.0008869746241084719,256,NaN,Trotter2,NA,14.521898725
4.6,0.2,30,ace,0.14390997228005883,0.0008869736532245431,151,1.0e-12,Trotter2,Trotter2,23.402049289
4.8,0.2,30,ed,0.26263164348424367,0.0,0,NaN,NA,NA,0.0
4.8,0.2,30,exact_pt,0.26081823970596996,0.0018134037782737145,256,NaN,Trotter2,NA,14.521898725
4.8,0.2,30,ace,0.2608182424910669,0.0018134009931767836,151,1.0e-12,Trotter2,Trotter2,23.402049289
5.0,0.2,30,ed,0.3447968715197427,0.0,0,NaN,NA,NA,0.0
5.0,0.2,30,exact_pt,0.3425389112148908,0.0022579603048519248,256,NaN,Trotter2,NA,14.521898725
5.0,0.2,30,ace,0.34253891739208453,0.0022579541276581683,151,1.0e-12,Trotter2,Trotter2,23.402049289
5.2,0.2,30,ed,0.3773010026403859,0.0,0,NaN,NA,NA,0.0
5.2,0.2,30,exact_pt,0.37524803764920145,0.0020529649911844583,256,NaN,Trotter2,NA,14.521898725
5.2,0.2,30,ace,0.37524804852787047,0.002052954112515437,151,1.0e-12,Trotter2,Trotter2,23.402049289
5.4,0.2,30,ed,0.3573848995098589,0.0,0,NaN,NA,NA,0.0
5.4,0.2,30,exact_pt,0.35614440239741396,0.0012404971124449493,256,NaN,Trotter2,NA,14.521898725
5.4,0.2,30,ace,0.3561444176847306,0.0012404818251283145,151,1.0e-12,Trotter2,Trotter2,23.402049289
5.6,0.2,30,ed,0.2948806584400071,0.0,0,NaN,NA,NA,0.0
5.6,0.2,30,exact_pt,0.29482677616248965,5.3882277517458554e-5,256,NaN,Trotter2,NA,14.521898725
5.6,0.2,30,ace,0.2948267956002306,5.3862839776486204e-5,151,1.0e-12,Trotter2,Trotter2,23.402049289
5.8,0.2,30,ed,0.2093045562187026,0.0,0,NaN,NA,NA,0.0
5.8,0.2,30,exact_pt,0.21047526242565792,0.0011707062069553353,256,NaN,Trotter2,NA,14.521898725
5.8,0.2,30,ace,0.21047528699927975,0.0011707307805771672,151,1.0e-12,Trotter2,Trotter2,23.402049289
6.0,0.2,30,ed,0.1236006122909325,0.0,0,NaN,NA,NA,0.0
6.0,0.2,30,exact_pt,0.12571740380112945,0.002116791510196947,256,NaN,Trotter2,NA,14.521898725
6.0,0.2,30,ace,0.1257174456441424,0.0021168333532098904,151,1.0e-12,Trotter2,Trotter2,23.402049289
0.0,0.1,60,ed,0.0,0.0,0,NaN,NA,NA,0.0
0.0,0.1,60,exact_pt,0.0,0.0,256,NaN,Trotter2,NA,2.014296698
0.0,0.1,60,ace,0.0,0.0,116,1.0e-12,Trotter2,Trotter2,10.778563523
0.1,0.1,60,ed,-0.09923468694714556,0.0,0,NaN,NA,NA,0.0
0.1,0.1,60,exact_pt,-0.09893659378285133,0.00029809316429423027,256,NaN,Trotter2,NA,2.014296698
0.1,0.1,60,ace,-0.09893659378284839,0.00029809316429717236,116,1.0e-12,Trotter2,Trotter2,10.778563523
0.2,0.1,60,ed,-0.19394932204492626,0.0,0,NaN,NA,NA,0.0
0.2,0.1,60,exact_pt,-0.19337156164093589,0.0005777604039903794,256,NaN,Trotter2,NA,2.014296698
0.2,0.1,60,ace,-0.1933715616409175,0.0005777604040087536,116,1.0e-12,Trotter2,Trotter2,10.778563523
0.3,0.1,60,ed,-0.27997565833700544,0.0,0,NaN,NA,NA,0.0
0.3,0.1,60,exact_pt,-0.2791536332924216,0.0008220250445838406,256,NaN,Trotter2,NA,2.014296698
0.3,0.1,60,ace,-0.279153633292394,0.0008220250446114297,116,1.0e-12,Trotter2,Trotter2,10.778563523
0.4,0.1,60,ed,-0.35381568345780967,0.0,0,NaN,NA,NA,0.0
0.4,0.1,60,exact_pt,-0.3527990170239048,0.001016666433904856,256,NaN,Trotter2,NA,2.014296698
0.4,0.1,60,ace,-0.3527990170237146,0.0010166664340950926,116,1.0e-12,Trotter2,Trotter2,10.778563523
0.5,0.1,60,ed,-0.4128968877407915,0.0,0,NaN,NA,NA,0.0
0.5,0.1,60,exact_pt,-0.4117456298420016,0.0011512578987898925,256,NaN,Trotter2,NA,2.014296698
0.5,0.1,60,ace,-0.41174562984161706,0.0011512578991744182,116,1.0e-12,Trotter2,Trotter2,10.778563523
0.6,0.1,60,ed,-0.45574133842457654,0.0,0,NaN,NA,NA,0.0
0.6,0.1,60,exact_pt,-0.45452149859283975,0.001219839831736791,256,NaN,Trotter2,NA,2.014296698
0.6,0.1,60,ace,-0.45452149859219426,0.0012198398323822746,116,1.0e-12,Trotter2,Trotter2,10.778563523
0.7,0.1,60,ed,-0.4820346539814898,0.0,0,NaN,NA,NA,0.0
0.7,0.1,60,exact_pt,-0.4808134814321713,0.0012211725493185277,256,NaN,Trotter2,NA,2.014296698
0.7,0.1,60,ace,-0.4808134814317425,0.0012211725497472958,116,1.0e-12,Trotter2,Trotter2,10.778563523
0.8,0.1,60,ed,-0.49259140929382,0.0,0,NaN,NA,NA,0.0
0.8,0.1,60,exact_pt,-0.49143284959340017,0.0011585597004198367,256,NaN,Trotter2,NA,2.014296698
0.8,0.1,60,ace,-0.49143284959392236,0.0011585596998976433,116,1.0e-12,Trotter2,Trotter2,10.778563523
0.9,0.1,60,ed,-0.48922405225582316,0.0,0,NaN,NA,NA,0.0
0.9,0.1,60,exact_pt,-0.4881847732435931,0.0010392790122300544,256,NaN,Trotter2,NA,2.014296698
0.9,0.1,60,ace,-0.4881847732436926,0.0010392790121305784,116,1.0e-12,Trotter2,Trotter2,10.778563523
1.0,0.1,60,ed,-0.4745318912782613,0.0,0,NaN,NA,NA,0.0
1.0,0.1,60,exact_pt,-0.47365819367526985,0.0008736976029914412,256,NaN,Trotter2,NA,2.014296698
1.0,0.1,60,ace,-0.4736581936718143,0.0008736976064470103,116,1.0e-12,Trotter2,Trotter2,10.778563523
1.1,0.1,60,ed,-0.45163409367454316,0.0,0,NaN,NA,NA,0.0
1.1,0.1,60,exact_pt,-0.450959914341771,0.0006741793327721401,256,NaN,Trotter2,NA,2.014296698
1.1,0.1,60,ace,-0.4509599143318463,0.0006741793426968679,116,1.0e-12,Trotter2,Trotter2,10.778563523
1.2,0.1,60,ed,-0.423875166262335,0.0,0,NaN,NA,NA,0.0
1.2,0.1,60,exact_pt,-0.42342125780581297,0.00045390845652204526,256,NaN,Trotter2,NA,2.014296698
1.2,0.1,60,ace,-0.4234212577930155,0.00045390846931953055,116,1.0e-12,Trotter2,Trotter2,10.778563523
1.3,0.1,60,ed,-0.39453267918783813,0.0,0,NaN,NA,NA,0.0
1.3,0.1,60,exact_pt,-0.3943069234994264,0.00022575568841171068,256,NaN,Trotter2,NA,2.014296698
1.3,0.1,60,ace,-0.3943069234876794,0.00022575570015875845,116,1.0e-12,Trotter2,Trotter2,10.778563523
1.4,0.1,60,ed,-0.36655504137709777,0.0,0,NaN,NA,NA,0.0
1.4,0.1,60,exact_pt,-0.3665537413079707,1.30006912707481e-6,256,NaN,Trotter2,NA,2.014296698
1.4,0.1,60,ace,-0.36655374129639995,1.3000806978191726e-6,116,1.0e-12,Trotter2,Trotter2,10.778563523
1.5,0.1,60,ed,-0.34235231588910775,0.0,0,NaN,NA,NA,0.0
1.5,0.1,60,exact_pt,-0.34256222098549394,0.00020990509638618704,256,NaN,Trotter2,NA,2.014296698
1.5,0.1,60,ace,-0.3425622209715412,0.00020990508243345918,116,1.0e-12,Trotter2,Trotter2,10.778563523
1.6,0.1,60,ed,-0.32365606332914676,0.0,0,NaN,NA,NA,0.0
1.6,0.1,60,exact_pt,-0.32405683123894957,0.00040076790980281274,256,NaN,Trotter2,NA,2.014296698
1.6,0.1,60,ace,-0.32405683125132034,0.0004007679221735838,116,1.0e-12,Trotter2,Trotter2,10.778563523
1.7,0.1,60,ed,-0.31145592351851314,0.0,0,NaN,NA,NA,0.0
1.7,0.1,60,exact_pt,-0.31202270262242626,0.0005667791039131176,256,NaN,Trotter2,NA,2.014296698
1.7,0.1,60,ace,-0.312022702664573,0.0005667791460598481,116,1.0e-12,Trotter2,Trotter2,10.778563523
1.8,0.1,60,ed,-0.3060120872763911,0.0,0,NaN,NA,NA,0.0
1.8,0.1,60,exact_pt,-0.30671792781090135,0.000705840534510227,256,NaN,Trotter2,NA,2.014296698
1.8,0.1,60,ace,-0.3067179279143726,0.0007058406379814586,116,1.0e-12,Trotter2,Trotter2,10.778563523
1.9,0.1,60,ed,-0.3069349404127421,0.0,0,NaN,NA,NA,0.0
1.9,0.1,60,exact_pt,-0.3077527958239561,0.0008178554112139858,256,NaN,Trotter2,NA,2.014296698
1.9,0.1,60,ace,-0.3077527959982793,0.0008178555855372083,116,1.0e-12,Trotter2,Trotter2,10.778563523
2.0,0.1,60,ed,-0.3133168090009714,0.0,0,NaN,NA,NA,0.0
2.0,0.1,60,exact_pt,-0.3142209678203237,0.0009041588193522965,256,NaN,Trotter2,NA,2.014296698
2.0,0.1,60,ace,-0.3142209680418542,0.0009041590408827571,116,1.0e-12,Trotter2,Trotter2,10.778563523
2.1,0.1,60,ed,-0.3238964986578927,0.0,0,NaN,NA,NA,0.0
2.1,0.1,60,exact_pt,-0.32486337873531557,0.0009668800774228492,256,NaN,Trotter2,NA,2.014296698
2.1,0.1,60,ace,-0.32486337898370554,0.0009668803258128245,116,1.0e-12,Trotter2,Trotter2,10.778563523
2.2,0.1,60,ed,-0.3372355193850558,0.0,0,NaN,NA,NA,0.0
2.2,0.1,60,exact_pt,-0.33824384883339276,0.0010083294483369531,256,NaN,Trotter2,NA,2.014296698
2.2,0.1,60,ace,-0.33824384903672683,0.001008329651671025,116,1.0e-12,Trotter2,Trotter2,10.778563523
2.3,0.1,60,ed,-0.35188554314211207,0.0,0,NaN,NA,NA,0.0
2.3,0.1,60,exact_pt,-0.35291603439578595,0.001030491253673882,256,NaN,Trotter2,NA,2.014296698
2.3,0.1,60,ace,-0.35291603438858177,0.0010304912464697003,116,1.0e-12,Trotter2,Trotter2,10.778563523
2.4,0.1,60,ed,-0.36652949959926107,0.0,0,NaN,NA,NA,0.0
2.4,0.1,60,exact_pt,-0.36756418504838395,0.0010346854491228852,256,NaN,Trotter2,NA,2.014296698
2.4,0.1,60,ace,-0.3675641845903971,0.0010346849911360145,116,1.0e-12,Trotter2,Trotter2,10.778563523
2.5,0.1,60,ed,-0.3800832980797906,0.0,0,NaN,NA,NA,0.0
2.5,0.1,60,exact_pt,-0.38110473123496047,0.001021433155169893,256,NaN,Trotter2,NA,2.014296698
2.5,0.1,60,ace,-0.38110473009409374,0.0010214320143031586,116,1.0e-12,Trotter2,Trotter2,10.778563523
2.6,0.1,60,ed,-0.3917508404853143,0.0,0,NaN,NA,NA,0.0
2.6,0.1,60,exact_pt,-0.3927413725447525,0.0009905320594382205,256,NaN,Trotter2,NA,2.014296698
2.6,0.1,60,ace,-0.3927413704862184,0.0009905300009040996,116,1.0e-12,Trotter2,Trotter2,10.778563523
2.7,0.1,60,ed,-0.4010310617930992,0.0,0,NaN,NA,NA,0.0
2.7,0.1,60,exact_pt,-0.40197238051937323,0.0009413187262740097,256,NaN,Trotter2,NA,2.014296698
2.7,0.1,60,ace,-0.4019723773748765,0.0009413155817772911,116,1.0e-12,Trotter2,Trotter2,10.778563523
2.8,0.1,60,ed,-0.40768151485170445,0.0,0,NaN,NA,NA,0.0
2.8,0.1,60,exact_pt,-0.4085545849360481,0.0008730700843436745,256,NaN,Trotter2,NA,2.014296698
2.8,0.1,60,ace,-0.40855458068257766,0.0008730658308732098,116,1.0e-12,Trotter2,Trotter2,10.778563523
2.9,0.1,60,ed,-0.4116479019387139,0.0,0,NaN,NA,NA,0.0
2.9,0.1,60,exact_pt,-0.41243338040835387,0.0007854784696399442,256,NaN,Trotter2,NA,2.014296698
2.9,0.1,60,ace,-0.4124333752552144,0.0007854733165004735,116,1.0e-12,Trotter2,Trotter2,10.778563523
3.0,0.1,60,ed,-0.4129724825359895,0.0,0,NaN,NA,NA,0.0
3.0,0.1,60,exact_pt,-0.41365160793997974,0.0006791254039902328,256,NaN,Trotter2,NA,2.014296698
3.0,0.1,60,ace,-0.41365160234019793,0.0006791198042084279,116,1.0e-12,Trotter2,Trotter2,10.778563523
3.1,0.1,60,ed,-0.4116961630174163,0.0,0,NaN,NA,NA,0.0
3.1,0.1,60,exact_pt,-0.41225204255824144,0.0005558795408251438,256,NaN,Trotter2,NA,2.014296698
3.1,0.1,60,ace,-0.41225203720458836,0.0005558741871720674,116,1.0e-12,Trotter2,Trotter2,10.778563523
3.2,0.1,60,ed,-0.4077691927278287,0.0,0,NaN,NA,NA,0.0
3.2,0.1,60,exact_pt,-0.4081883463061076,0.0004191535782789302,256,NaN,Trotter2,NA,2.014296698
3.2,0.1,60,ace,-0.40818834214499955,0.00041914941717086096,116,1.0e-12,Trotter2,Trotter2,10.778563523
3.3,0.1,60,ed,-0.40098382489130563,0.0,0,NaN,NA,NA,0.0
3.3,0.1,60,exact_pt,-0.40125779700050757,0.0002739721092019365,256,NaN,Trotter2,NA,2.014296698
3.3,0.1,60,ace,-0.4012577952727946,0.0002739703814889638,116,1.0e-12,Trotter2,Trotter2,10.778563523
3.4,0.1,60,ed,-0.3909392807328898,0.0,0,NaN,NA,NA,0.0
3.4,0.1,60,exact_pt,-0.39106610597633795,0.0001268252434481476,256,NaN,Trotter2,NA,2.014296698
3.4,0.1,60,ace,-0.39106610826984267,0.00012682753695286708,116,1.0e-12,Trotter2,Trotter2,10.778563523
3.5,0.1,60,ed,-0.3770452382414711,0.0,0,NaN,NA,NA,0.0
3.5,0.1,60,exact_pt,-0.37703054700281524,1.4691238655883954e-5,256,NaN,Trotter2,NA,2.014296698
3.5,0.1,60,ace,-0.37703055529703555,1.4682944435573386e-5,116,1.0e-12,Trotter2,Trotter2,10.778563523
3.6,0.1,60,ed,-0.35856529829527134,0.0,0,NaN,NA,NA,0.0
3.6,0.1,60,exact_pt,-0.35842287594894856,0.00014242234632277917,256,NaN,Trotter2,NA,2.014296698
3.6,0.1,60,ace,-0.3584228926066957,0.00014240568857565306,116,1.0e-12,Trotter2,Trotter2,10.778563523
3.7,0.1,60,ed,-0.3346969525809308,0.0,0,NaN,NA,NA,0.0
3.7,0.1,60,exact_pt,-0.334448615912746,0.00024833666818480093,256,NaN,Trotter2,NA,2.014296698
3.7,0.1,60,ace,-0.3344486435841947,0.00024830899673611295,116,1.0e-12,Trotter2,Trotter2,10.778563523
3.8,0.1,60,ed,-0.30467998788201217,0.0,0,NaN,NA,NA,0.0
3.8,0.1,60,exact_pt,-0.30435471090552374,0.0003252769764884311,256,NaN,Trotter2,NA,2.014296698
3.8,0.1,60,ace,-0.304354752289169,0.00032523559284319825,116,1.0e-12,Trotter2,Trotter2,10.778563523
3.9,0.1,60,ed,-0.2679214742103452,0.0,0,NaN,NA,NA,0.0
3.9,0.1,60,exact_pt,-0.267553775130453,0.0003676990798922031,256,NaN,Trotter2,NA,2.014296698
3.9,0.1,60,ace,-0.26755383256749843,0.00036764164284674994,116,1.0e-12,Trotter2,Trotter2,10.778563523
4.0,0.1,60,ed,-0.22412289375729896,0.0,0,NaN,NA,NA,0.0
4.0,0.1,60,exact_pt,-0.22375057700096496,0.00037231675633400685,256,NaN,Trotter2,NA,2.014296698
4.0,0.1,60,ace,-0.22375065197283384,0.0003722417844651271,116,1.0e-12,Trotter2,Trotter2,10.778563523
4.1,0.1,60,ed,-0.17339386427752942,0.0,0,NaN,NA,NA,0.0
4.1,0.1,60,exact_pt,-0.17305528740518134,0.00033857687234808975,256,NaN,Trotter2,NA,2.014296698
4.1,0.1,60,ace,-0.17305537937242205,0.00033848490510737794,116,1.0e-12,Trotter2,Trotter2,10.778563523
4.2,0.1,60,ed,-0.11633745397282283,0.0,0,NaN,NA,NA,0.0
4.2,0.1,60,exact_pt,-0.11606855047693994,0.0002689034958828912,256,NaN,Trotter2,NA,2.014296698
4.2,0.1,60,ace,-0.1160686567721777,0.0002687972006451267,116,1.0e-12,Trotter2,Trotter2,10.778563523
4.3,0.1,60,ed,-0.054094283952365506,0.0,0,NaN,NA,NA,0.0
4.3,0.1,60,exact_pt,-0.05392561232567021,0.00016867162669529506,256,NaN,Trotter2,NA,2.014296698
4.3,0.1,60,ace,-0.053925727603534146,0.0001685563488313599,116,1.0e-12,Trotter2,Trotter2,10.778563523
4.4,0.1,60,ed,0.011663683448508481,0.0,0,NaN,NA,NA,0.0
4.4,0.1,60,exact_pt,0.01170958148203195,4.58980335234678e-5,256,NaN,Trotter2,NA,2.014296698
4.4,0.1,60,ace,0.011709465870728571,4.578242222008991e-5,116,1.0e-12,Trotter2,Trotter2,10.778563523
4.5,0.1,60,ed,0.07879387764440128,0.0,0,NaN,NA,NA,0.0
4.5,0.1,60,exact_pt,0.07870454358805887,8.933405634241331e-5,256,NaN,Trotter2,NA,2.014296698
4.5,0.1,60,ace,0.07870443963769586,8.943800670542512e-5,116,1.0e-12,Trotter2,Trotter2,10.778563523
4.6,0.1,60,ed,0.14479694593328338,0.0,0,NaN,NA,NA,0.0
4.6,0.1,60,exact_pt,0.1445712749008049,0.00022567103247847498,256,NaN,Trotter2,NA,2.014296698
4.6,0.1,60,ace,0.14457119805878577,0.00022574787449761158,116,1.0e-12,Trotter2,Trotter2,10.778563523
4.7,0.1,60,ed,0.2069764271483155,0.0,0,NaN,NA,NA,0.0
4.7,0.1,60,exact_pt,0.20662499172836468,0.0003514354199508074,256,NaN,Trotter2,NA,2.014296698
4.7,0.1,60,ace,0.20662496237842293,0.00035146476989256215,116,1.0e-12,Trotter2,Trotter2,10.778563523
4.8,0.1,60,ed,0.26263164348424367,0.0,0,NaN,NA,NA,0.0
4.8,0.1,60,exact_pt,0.2621760093752461,0.0004556341089975713,256,NaN,Trotter2,NA,2.014296698
4.8,0.1,60,ace,0.26217605400283844,0.0004555894814052275,116,1.0e-12,Trotter2,Trotter2,10.778563523
4.9,0.1,60,ed,0.3092668429889705,0.0,0,NaN,NA,NA,0.0
4.9,0.1,60,exact_pt,0.3087379130402781,0.0005289299486924137,256,NaN,Trotter2,NA,2.014296698
4.9,0.1,60,ace,0.3087380621605008,0.0005287808284696882,116,1.0e-12,Trotter2,Trotter2,10.778563523
5.0,0.1,60,ed,0.3447968715197427,0.0,0,NaN,NA,NA,0.0
5.0,0.1,60,exact_pt,0.3442323925623418,0.0005644789574009157,256,NaN,Trotter2,NA,2.014296698
5.0,0.1,60,ace,0.34423267474440566,0.0005641967753370336,116,1.0e-12,Trotter2,Trotter2,10.778563523
5.1,0.1,60,ed,0.3677288822013901,0.0,0,NaN,NA,NA,0.0
5.1,0.1,60,exact_pt,0.36717033562512885,0.000558546576261254,256,NaN,Trotter2,NA,2.014296698
5.1,0.1,60,ace,0.36717077419988287,0.0005581080015072404,116,1.0e-12,Trotter2,Trotter2,10.778563523
5.2,0.1,60,ed,0.3773010026403859,0.0,0,NaN,NA,NA,0.0
5.2,0.1,60,exact_pt,0.3767901653136544,0.0005108373267315169,256,NaN,Trotter2,NA,2.014296698
5.2,0.1,60,ace,0.37679076804463996,0.0005102345957459509,116,1.0e-12,Trotter2,Trotter2,10.778563523
5.3,0.1,60,ed,0.3735624376685288,0.0,0,NaN,NA,NA,0.0
5.3,0.1,60,exact_pt,0.37313793670312034,0.0004245009654084697,256,NaN,Trotter2,NA,2.014296698
5.3,0.1,60,ace,0.37313868130029265,0.00042375636823616114,116,1.0e-12,Trotter2,Trotter2,10.778563523
5.4,0.1,60,ed,0.3573848995098589,0.0,0,NaN,NA,NA,0.0
5.4,0.1,60,exact_pt,0.3570790877082829,0.00030581180157601695,256,NaN,Trotter2,NA,2.014296698
5.4,0.1,60,ace,0.35707991646258896,0.00030498304726994663,116,1.0e-12,Trotter2,Trotter2,10.778563523
5.5,0.1,60,ed,0.330402005529138,0.0,0,NaN,NA,NA,0.0
5.5,0.1,60,exact_pt,0.3302384529310717,0.00016355259806632994,256,NaN,Trotter2,NA,2.014296698
5.5,0.1,60,ace,0.33023927857755997,0.0001627269515780405,116,1.0e-12,Trotter2,Trotter2,10.778563523
5.6,0.1,60,ed,0.2948806584400071,0.0,0,NaN,NA,NA,0.0
5.6,0.1,60,exact_pt,0.2948724919808242,8.166459182890051e-6,256,NaN,Trotter2,NA,2.014296698
5.6,0.1,60,ace,0.29487321209550565,7.446344501449431e-6,116,1.0e-12,Trotter2,Trotter2,10.778563523
5.7,0.1,60,ed,0.25353560804557335,0.0,0,NaN,NA,NA,0.0
5.7,0.1,60,exact_pt,0.253684842509765,0.00014923446419162767,256,NaN,Trotter2,NA,2.014296698
5.7,0.1,60,ace,0.25368534435346984,0.0001497363078964975,116,1.0e-12,Trotter2,Trotter2,10.778563523
5.8,0.1,60,ed,0.2093045562187026,0.0,0,NaN,NA,NA,0.0
5.8,0.1,60,exact_pt,0.20960245510893707,0.0002978988902344881,256,NaN,Trotter2,NA,2.014296698
5.8,0.1,60,ace,0.20960259930785774,0.0002980430891551533,116,1.0e-12,Trotter2,Trotter2,10.778563523
5.9,0.1,60,ed,0.1651055657237133,0.0,0,NaN,NA,NA,0.0
5.9,0.1,60,exact_pt,0.16553396213534244,0.000428396411629145,256,NaN,Trotter2,NA,2.014296698
5.9,0.1,60,ace,0.16553358499196297,0.0004280192682496742,116,1.0e-12,Trotter2,Trotter2,10.778563523
6.0,0.1,60,ed,0.1236006122909325,0.0,0,NaN,NA,NA,0.0
6.0,0.1,60,exact_pt,0.12413401983785047,0.0005334075469179689,256,NaN,Trotter2,NA,2.014296698
6.0,0.1,60,ace,0.1241329662823526,0.0005323539914200981,116,1.0e-12,Trotter2,Trotter2,10.778563523
0.0,0.05,120,ed,0.0,0.0,0,NaN,NA,NA,0.0
0.0,0.05,120,exact_pt,0.0,0.0,256,NaN,Trotter2,NA,2.91348532
0.0,0.05,120,ace,0.0,0.0,88,1.0e-12,Trotter2,Trotter2,15.268112115
0.05,0.05,120,ed,-0.049904052879213165,0.0,0,NaN,NA,NA,0.0
0.05,0.05,120,exact_pt,-0.04986653459916563,3.751828004753405e-5,256,NaN,Trotter2,NA,2.91348532
0.05,0.05,120,ace,-0.049866534599041376,3.751828017178882e-5,88,1.0e-12,Trotter2,Trotter2,15.268112115
0.1,0.05,120,ed,-0.09923468694714556,0.0,0,NaN,NA,NA,0.0
0.1,0.05,120,exact_pt,-0.09916023458420345,7.445236294210955e-5,256,NaN,Trotter2,NA,2.91348532
0.1,0.05,120,ace,-0.09916023458395576,7.445236318980031e-5,88,1.0e-12,Trotter2,Trotter2,15.268112115
0.15,0.05,120,ed,-0.1474297447969654,0.0,0,NaN,NA,NA,0.0
0.15,0.05,120,exact_pt,-0.1473195151403023,0.00011022965666310225,256,NaN,Trotter2,NA,2.91348532
0.15,0.05,120,ace,-0.1473195151400683,0.00011022965689710951,88,1.0e-12,Trotter2,Trotter2,15.268112115
0.2,0.05,120,ed,-0.19394932204492626,0.0,0,NaN,NA,NA,0.0
0.2,0.05,120,exact_pt,-0.1938050215539022,0.0001443004910240686,256,NaN,Trotter2,NA,2.91348532
0.2,0.05,120,ace,-0.19380502155360868,0.00014430049131758382,88,1.0e-12,Trotter2,Trotter2,15.268112115
0.25,0.05,120,ed,-0.2382862267089319,0.0,0,NaN,NA,NA,0.0
0.25,0.05,120,exact_pt,-0.23811007784315666,0.00017614886577524413,256,NaN,Trotter2,NA,2.91348532
0.25,0.05,120,ace,-0.23811007784275134,0.0001761488661805588,88,1.0e-12,Trotter2,Trotter2,15.268112115
0.3,0.05,120,ed,-0.27997565833700544,0.0,0,NaN,NA,NA,0.0
0.3,0.05,120,exact_pt,-0.2797703559708026,0.00020530236620286413,256,NaN,Trotter2,NA,2.91348532
0.3,0.05,120,ace,-0.2797703559702308,0.00020530236677462899,88,1.0e-12,Trotter2,Trotter2,15.268112115
0.35,0.05,120,ed,-0.31860388000190043,0.0,0,NaN,NA,NA,0.0
0.35,0.05,120,exact_pt,-0.31837253899582074,0.00023134100607968833,256,NaN,Trotter2,NA,2.91348532
0.35,0.05,120,ace,-0.3183725389952931,0.00023134100660732182,88,1.0e-12,Trotter2,Trotter2,15.268112115
0.4,0.05,120,ed,-0.35381568345780967,0.0,0,NaN,NA,NA,0.0
0.4,0.05,120,exact_pt,-0.35356177866947436,0.00025390478833531294,256,NaN,Trotter2,NA,2.91348532
0.4,0.05,120,ace,-0.35356177866906574,0.0002539047887439305,88,1.0e-12,Trotter2,Trotter2,15.268112115
0.45,0.05,120,ed,-0.3853204801820535,0.0,0,NaN,NA,NA,0.0
0.45,0.05,120,exact_pt,-0.3850477803719322,0.00027269981012129074,256,NaN,Trotter2,NA,2.91348532
0.45,0.05,120,ace,-0.3850477803717222,0.00027269981033128943,88,1.0e-12,Trotter2,Trotter2,15.268112115
0.5,0.05,120,ed,-0.4128968877407915,0.0,0,NaN,NA,NA,0.0
0.5,0.05,120,exact_pt,-0.4126093849608312,0.0002875027799602581,256,NaN,Trotter2,NA,2.91348532
0.5,0.05,120,ace,-0.41260938496066746,0.000287502780124016,88,1.0e-12,Trotter2,Trotter2,15.268112115
0.55,0.05,120,ed,-0.4363957208439304,0.0,0,NaN,NA,NA,0.0
0.55,0.05,120,exact_pt,-0.4360975569848838,0.00029816385904662956,256,NaN,Trotter2,NA,2.91348532
0.55,0.05,120,ace,-0.4360975569850466,0.00029816385888381536,88,1.0e-12,Trotter2,Trotter2,15.268112115
0.6,0.05,120,ed,-0.45574133842457654,0.0,0,NaN,NA,NA,0.0
0.6,0.05,120,exact_pt,-0.4554367306393421,0.0003046077852344453,256,NaN,Trotter2,NA,2.91348532
0.6,0.05,120,ace,-0.4554367306401256,0.00030460778445096093,88,1.0e-12,Trotter2,Trotter2,15.268112115
0.65,0.05,120,ed,-0.47093134087651856,0.0,0,NaN,NA,NA,0.0
0.65,0.05,120,exact_pt,-0.47062450759118435,0.00030683328533420706,256,NaN,Trotter2,NA,2.91348532
0.65,0.05,120,ace,-0.4706245075965082,0.0003068332800103546,88,1.0e-12,Trotter2,Trotter2,15.268112115
0.7,0.05,120,ed,-0.4820346539814898,0.0,0,NaN,NA,NA,0.0
0.7,0.05,120,exact_pt,-0.4817297431538584,0.00030491082763139943,256,NaN,Trotter2,NA,2.91348532
0.7,0.05,120,ace,-0.4817297431662221,0.0003049108152677338,88,1.0e-12,Trotter2,Trotter2,15.268112115
0.75,0.05,120,ed,-0.489188076854705,0.0,0,NaN,NA,NA,0.0
0.75,0.05,120,exact_pt,-0.48888909804403835,0.0002989788106666502,256,NaN,Trotter2,NA,2.91348532
0.75,0.05,120,ace,-0.4888890980590131,0.00029897879569190655,88,1.0e-12,Trotter2,Trotter2,15.268112115
0.8,0.05,120,ed,-0.49259140929382,0.0,0,NaN,NA,NA,0.0
0.8,0.05,120,exact_pt,-0.4923021709688645,0.0002892383249554764,256,NaN,Trotter2,NA,2.91348532
0.8,0.05,120,ace,-0.49230217098544726,0.0002892383083727412,88,1.0e-12,Trotter2,Trotter2,15.268112115
0.85,0.05,120,ed,-0.4925013081918704,0.0,0,NaN,NA,NA,0.0
0.85,0.05,120,exact_pt,-0.492225361531511,0.0002759466603594052,256,NaN,Trotter2,NA,2.91348532
0.85,0.05,120,ace,-0.49222536155188695,0.0002759466399834265,88,1.0e-12,Trotter2,Trotter2,15.268112115
0.9,0.05,120,ed,-0.48922405225582316,0.0,0,NaN,NA,NA,0.0
0.9,0.05,120,exact_pt,-0.4889646424937073,0.00025940976211585864,256,NaN,Trotter2,NA,2.91348532
0.9,0.05,120,ace,-0.4889646425204769,0.0002594097353462721,88,1.0e-12,Trotter2,Trotter2,15.268112115
0.95,0.05,120,ed,-0.4831074184004244,0.0,0,NaN,NA,NA,0.0
0.95,0.05,120,exact_pt,-0.48286744453798847,0.00023997386243596042,256,NaN,Trotter2,NA,2.91348532
0.95,0.05,120,ace,-0.48286744456962216,0.00023997383080226475,88,1.0e-12,Trotter2,Trotter2,15.268112115
1.0,0.05,120,ed,-0.4745318912782613,0.0,0,NaN,NA,NA,0.0
1.0,0.05,120,exact_pt,-0.4743138747469528,0.00021801653130848475,256,NaN,Trotter2,NA,2.91348532
1.0,0.05,120,ace,-0.4743138747873093,0.00021801649095198883,88,1.0e-12,Trotter2,Trotter2,15.268112115
1.05,0.05,120,ed,-0.4639014390676475,0.0,0,NaN,NA,NA,0.0
1.05,0.05,120,exact_pt,-0.46370750166817976,0.00019393739946776956,256,NaN,Trotter2,NA,2.91348532
1.05,0.05,120,ace,-0.46370750171262753,0.00019393735501999076,88,1.0e-12,Trotter2,Trotter2,15.268112115
1.1,0.05,120,ed,-0.45163409367454316,0.0,0,NaN,NA,NA,0.0
1.1,0.05,120,exact_pt,-0.451465944866384,0.00016814880815918531,256,NaN,Trotter2,NA,2.91348532
1.1,0.05,120,ace,-0.45146594491410724,0.00016814876043591553,88,1.0e-12,Trotter2,Trotter2,15.268112115
1.15,0.05,120,ed,-0.43815257191811,0.0,0,NaN,NA,NA,0.0
1.15,0.05,120,exact_pt,-0.43801150528357474,0.00014106663453528068,256,NaN,Trotter2,NA,2.91348532
1.15,0.05,120,ace,-0.4380115053340984,0.00014106658401163985,88,1.0e-12,Trotter2,Trotter2,15.268112115
1.2,0.05,120,ed,-0.423875166262335,0.0,0,NaN,NA,NA,0.0
1.2,0.05,120,exact_pt,-0.42376206473379585,0.00011310152853916122,256,NaN,Trotter2,NA,2.91348532
1.2,0.05,120,ace,-0.42376206474334366,0.00011310151899135423,88,1.0e-12,Trotter2,Trotter2,15.268112115
1.25,0.05,120,ed,-0.4092071196142842,0.0,0,NaN,NA,NA,0.0
1.25,0.05,120,exact_pt,-0.40912246883674297,8.465077754121753e-5,256,NaN,Trotter2,NA,2.91348532
1.25,0.05,120,ace,-0.40912246876184005,8.465085244413473e-5,88,1.0e-12,Trotter2,Trotter2,15.268112115
1.3,0.05,120,ed,-0.39453267918783813,0.0,0,NaN,NA,NA,0.0
1.3,0.05,120,exact_pt,-0.394476588198277,5.609098956110836e-5,256,NaN,Trotter2,NA,2.91348532
1.3,0.05,120,ace,-0.39447658800271157,5.609118512656108e-5,88,1.0e-12,Trotter2,Trotter2,15.268112115
1.35,0.05,120,ed,-0.3802080001327106,0.0,0,NaN,NA,NA,0.0
1.35,0.05,120,exact_pt,-0.38018022837721105,2.7771755499561568e-5,256,NaN,Trotter2,NA,2.91348532
1.35,0.05,120,ace,-0.3801802279987503,2.7772133960324297e-5,88,1.0e-12,Trotter2,Trotter2,15.268112115
1.4,0.05,120,ed,-0.36655504137709777,0.0,0,NaN,NA,NA,0.0
1.4,0.05,120,exact_pt,-0.3665550309605732,1.041652458733111e-8,256,NaN,Trotter2,NA,2.91348532
1.4,0.05,120,ace,-0.3665550303902938,1.0986803966606118e-8,88,1.0e-12,Trotter2,Trotter2,15.268112115
1.45,0.05,120,ed,-0.353856564847117,0.0,0,NaN,NA,NA,0.0
1.45,0.05,120,exact_pt,-0.35388347682140187,2.6911974284837825e-5,256,NaN,Trotter2,NA,2.91348532
1.45,0.05,120,ace,-0.35388347605091974,2.6911203802715278e-5,88,1.0e-12,Trotter2,Trotter2,15.268112115
1.5,0.05,120,ed,-0.34235231588910775,0.0,0,NaN,NA,NA,0.0
1.5,0.05,120,exact_pt,-0.34240506933462234,5.275344551458616e-5,256,NaN,Trotter2,NA,2.91348532
1.5,0.05,120,ace,-0.34240506837821705,5.275248910929786e-5,88,1.0e-12,Trotter2,Trotter2,15.268112115
1.55,0.05,120,ed,-0.3322364283450107,0.0,0,NaN,NA,NA,0.0
1.55,0.05,120,exact_pt,-0.332313740989598,7.73126445872685e-5,256,NaN,Trotter2,NA,2.91348532
1.55,0.05,120,ace,-0.3323137398819603,7.731153694956472e-5,88,1.0e-12,Trotter2,Trotter2,15.268112115
1.6,0.05,120,ed,-0.32365606332914676,0.0,0,NaN,NA,NA,0.0
1.6,0.05,120,exact_pt,-0.3237564924740658,0.00010042914491903421,256,NaN,Trotter2,NA,2.91348532
1.6,0.05,120,ace,-0.3237564912999784,0.00010042797083165134,88,1.0e-12,Trotter2,Trotter2,15.268112115
1.65,0.05,120,ed,-0.31671125730837124,0.0,0,NaN,NA,NA,0.0
1.65,0.05,120,exact_pt,-0.3168332398938012,0.00012198258542994722,256,NaN,Trotter2,NA,2.91348532
1.65,0.05,120,ace,-0.3168332387576089,0.00012198144923764032,88,1.0e-12,Trotter2,Trotter2,15.268112115
1.7,0.05,120,ed,-0.31145592351851314,0.0,0,NaN,NA,NA,0.0
1.7,0.05,120,exact_pt,-0.3115978142561957,0.00014189073768255955,256,NaN,Trotter2,NA,2.91348532
1.7,0.05,120,ace,-0.31159781327292574,0.0001418897544125941,88,1.0e-12,Trotter2,Trotter2,15.268112115
1.75,0.05,120,ed,-0.30789992189435234,0.0,0,NaN,NA,NA,0.0
1.75,0.05,120,exact_pt,-0.30806002851915526,0.0001601066248029248,256,NaN,Trotter2,NA,2.91348532
1.75,0.05,120,ace,-0.3080600277994796,0.0001601059051272724,88,1.0e-12,Trotter2,Trotter2,15.268112115
1.8,0.05,120,ed,-0.3060120872763911,0.0,0,NaN,NA,NA,0.0
1.8,0.05,120,exact_pt,-0.30618870211685045,0.00017661484045933262,256,NaN,Trotter2,NA,2.91348532
1.8,0.05,120,ace,-0.3061887018371905,0.00017661456079937077,88,1.0e-12,Trotter2,Trotter2,15.268112115
1.85,0.05,120,ed,-0.30572408428783276,0.0,0,NaN,NA,NA,0.0
1.85,0.05,120,exact_pt,-0.30591551152270413,0.00019142723487136637,256,NaN,Trotter2,NA,2.91348532
1.85,0.05,120,ace,-0.3059155117647112,0.0001914274768784474,88,1.0e-12,Trotter2,Trotter2,15.268112115
1.9,0.05,120,ed,-0.3069349404127421,0.0,0,NaN,NA,NA,0.0
1.9,0.05,120,exact_pt,-0.3071395185604745,0.0002045781477323927,256,NaN,Trotter2,NA,2.91348532
1.9,0.05,120,ace,-0.307139519395452,0.00020457898270986874,88,1.0e-12,Trotter2,Trotter2,15.268112115
1.95,0.05,120,ed,-0.3095160967669321,0.0,0,NaN,NA,NA,0.0
1.95,0.05,120,exact_pt,-0.3097322161417224,0.0002161193747903245,256,NaN,Trotter2,NA,2.91348532
1.95,0.05,120,ace,-0.3097322183460177,0.00021612157908562635,88,1.0e-12,Trotter2,Trotter2,15.268112115
2.0,0.05,120,ed,-0.3133168090009714,0.0,0,NaN,NA,NA,0.0
2.0,0.05,120,exact_pt,-0.3135429240565787,0.00022611505560726775,256,NaN,Trotter2,NA,2.91348532
2.0,0.05,120,ace,-0.31354292795949446,0.0002261189585230361,88,1.0e-12,Trotter2,Trotter2,15.268112115
2.05,0.05,120,ed,-0.31816972872402877,0.0,0,NaN,NA,NA,0.0
2.05,0.05,120,exact_pt,-0.3184043653889167,0.00023463666488793278,256,NaN,Trotter2,NA,2.91348532
2.05,0.05,120,ace,-0.31840437129184007,0.0002346425678113051,88,1.0e-12,Trotter2,Trotter2,15.268112115
2.1,0.05,120,ed,-0.3238964986578927,0.0,0,NaN,NA,NA,0.0
2.1,0.05,120,exact_pt,-0.32413825693693255,0.0002417582790398276,256,NaN,Trotter2,NA,2.91348532
2.1,0.05,120,ace,-0.32413826505952675,0.00024176640163403595,88,1.0e-12,Trotter2,Trotter2,15.268112115
2.15,0.05,120,ed,-0.3303132021578045,0.0,0,NaN,NA,NA,0.0
2.15,0.05,120,exact_pt,-0.3305607544316099,0.000247552273805407,256,NaN,Trotter2,NA,2.91348532
2.15,0.05,120,ace,-0.3305607648235239,0.000247562665719403,88,1.0e-12,Trotter2,Trotter2,15.268112115
2.2,0.05,120,ed,-0.3372355193850558,0.0,0,NaN,NA,NA,0.0
2.2,0.05,120,exact_pt,-0.3374876049735819,0.0002520855885260742,256,NaN,Trotter2,NA,2.91348532
2.2,0.05,120,ace,-0.33748761744052513,0.00025209805546932973,88,1.0e-12,Trotter2,Trotter2,15.268112115
2.25,0.05,120,ed,-0.3444834577954863,0.0,0,NaN,NA,NA,0.0
2.25,0.05,120,exact_pt,-0.3447388744641041,0.0002554166686178361,256,NaN,Trotter2,NA,2.91348532
2.25,0.05,120,ace,-0.3447388884343885,0.00025543063890220985,88,1.0e-12,Trotter2,Trotter2,15.268112115
2.3,0.05,120,ed,-0.35188554314211207,0.0,0,NaN,NA,NA,0.0
2.3,0.05,120,exact_pt,-0.35214313631309907,0.00025759317098700274,256,NaN,Trotter2,NA,2.91348532
2.3,0.05,120,ace,-0.3521431510192422,0.00025760787713013933,88,1.0e-12,Trotter2,Trotter2,15.268112115
2.35,0.05,120,ed,-0.3592823782377661,0.0,0,NaN,NA,NA,0.0
2.35,0.05,120,exact_pt,-0.3595410287260864,0.0002586504883203,256,NaN,Trotter2,NA,2.91348532
2.35,0.05,120,ace,-0.3595410430209925,0.0002586647832263922,88,1.0e-12,Trotter2,Trotter2,15.268112115
2.4,0.05,120,ed,-0.36652949959926107,0.0,0,NaN,NA,NA,0.0
2.4,0.05,120,exact_pt,-0.366788110717624,0.00025861111836295025,256,NaN,Trotter2,NA,2.91348532
2.4,0.05,120,ace,-0.3667881230891846,0.00025862348992355955,88,1.0e-12,Trotter2,Trotter2,15.268112115
2.45,0.05,120,ed,-0.373499486089717,0.0,0,NaN,NA,NA,0.0
2.45,0.05,120,exact_pt,-0.3737569709641171,0.0002574848744000824,256,NaN,Trotter2,NA,2.91348532
2.45,0.05,120,ace,-0.3737569796858075,0.0002574935960905078,88,1.0e-12,Trotter2,Trotter2,15.268112115
2.5,0.05,120,ed,-0.3800832980797906,0.0,0,NaN,NA,NA,0.0
2.5,0.05,120,exact_pt,-0.38033856798390164,0.0002552699041110662,256,NaN,Trotter2,NA,2.91348532
2.5,0.05,120,ace,-0.3803385711427904,0.0002552730629998279,88,1.0e-12,Trotter2,Trotter2,15.268112115
2.55,0.05,120,ed,-0.38619084976874024,0.0,0,NaN,NA,NA,0.0
2.55,0.05,120,exact_pt,-0.38644280422534316,0.0002519544566029208,256,NaN,Trotter2,NA,2.91348532
2.55,0.05,120,ace,-0.3864427998298017,0.00025195006106143447,88,1.0e-12,Trotter2,Trotter2,15.268112115
2.6,0.05,120,ed,-0.3917508404853143,0.0,0,NaN,NA,NA,0.0
2.6,0.05,120,exact_pt,-0.3919983597978926,0.00024751931257832593,256,NaN,Trotter2,NA,2.91348532
2.6,0.05,120,ace,-0.39199834566177927,0.0002475051764649905,88,1.0e-12,Trotter2,Trotter2,15.268112115
2.65,0.05,120,ed,-0.39670989242091154,0.0,0,NaN,NA,NA,0.0
2.65,0.05,120,exact_pt,-0.3969518331918185,0.00024194077090694543,256,NaN,Trotter2,NA,2.91348532
2.65,0.05,120,ace,-0.396951806926262,0.0002419145053504379,88,1.0e-12,Trotter2,Trotter2,15.268112115
2.7,0.05,120,ed,-0.4010310617930992,0.0,0,NaN,NA,NA,0.0
2.7,0.05,120,exact_pt,-0.40126625586006726,0.00023519406696803635,256,NaN,Trotter2,NA,2.91348532
2.7,0.05,120,ace,-0.4012662146112529,0.00023515281815367217,88,1.0e-12,Trotter2,Trotter2,15.268112115
2.75,0.05,120,ed,-0.4046918074325616,0.0,0,NaN,NA,NA,0.0
2.75,0.05,120,exact_pt,-0.4049190645170042,0.0002272570844426003,256,NaN,Trotter2,NA,2.91348532
2.75,0.05,120,ace,-0.40491900519917046,0.00022719776660884428,88,1.0e-12,Trotter2,Trotter2,15.268112115
2.8,0.05,120,ed,-0.40768151485170445,0.0,0,NaN,NA,NA,0.0
2.8,0.05,120,exact_pt,-0.4078996290647822,0.00021811421307776913,256,NaN,Trotter2,NA,2.91348532
2.8,0.05,120,ace,-0.4078995483522383,0.00021803350053384296,88,1.0e-12,Trotter2,Trotter2,15.268112115
2.85,0.05,120,ed,-0.4099986846994668,0.0,0,NaN,NA,NA,0.0
2.85,0.05,120,exact_pt,-0.41020644490001446,0.00020776020054763533,256,NaN,Trotter2,NA,2.91348532
2.85,0.05,120,ace,-0.4102063391828803,0.00020765448341347748,88,1.0e-12,Trotter2,Trotter2,15.268112115
2.9,0.05,120,ed,-0.4116479019387139,0.0,0,NaN,NA,NA,0.0
2.9,0.05,120,exact_pt,-0.41184410578558805,0.00019620384687413228,256,NaN,Trotter2,NA,2.91348532
2.9,0.05,120,ace,-0.4118439711044666,0.00019606916575265476,88,1.0e-12,Trotter2,Trotter2,15.268112115
2.95,0.05,120,ed,-0.4126367059977696,0.0,0,NaN,NA,NA,0.0
2.95,0.05,120,exact_pt,-0.412820177392693,0.0001834713949234179,256,NaN,Trotter2,NA,2.91348532
2.95,0.05,120,ace,-0.41282000935968666,0.00018330336191707541,88,1.0e-12,Trotter2,Trotter2,15.268112115
3.0,0.05,120,ed,-0.4129724825359895,0.0,0,NaN,NA,NA,0.0
3.0,0.05,120,exact_pt,-0.41314209201597574,0.00016960947998623244,256,NaN,Trotter2,NA,2.91348532
3.0,0.05,120,ace,-0.41314188573188604,0.00016940319589653363,88,1.0e-12,Trotter2,Trotter2,15.268112115
3.05,0.05,120,ed,-0.4126594944024931,0.0,0,NaN,NA,NA,0.0
3.05,0.05,120,exact_pt,-0.4128141819175863,0.00015468751509317702,256,NaN,Trotter2,NA,2.91348532
3.05,0.05,120,ace,-0.41281393190406,0.0001544375015669064,88,1.0e-12,Trotter2,Trotter2,15.268112115
3.1,0.05,120,ed,-0.4116961630174163,0.0,0,NaN,NA,NA,0.0
3.1,0.05,120,exact_pt,-0.4118349624234383,0.00013879940602201657,256,NaN,Trotter2,NA,2.91348532
3.1,0.05,120,ace,-0.4118346625819183,0.00013849956450201484,88,1.0e-12,Trotter2,Trotter2,15.268112115
3.15,0.05,120,ed,-0.41007270200177154,0.0,0,NaN,NA,NA,0.0
3.15,0.05,120,exact_pt,-0.41019476651219167,0.00012206451042012789,256,NaN,Trotter2,NA,2.91348532
3.15,0.05,120,ace,-0.4101944101332058,0.00012170813143425052,88,1.0e-12,Trotter2,Trotter2,15.268112115
3.2,0.05,120,ed,-0.4077691927278287,0.0,0,NaN,NA,NA,0.0
3.2,0.05,120,exact_pt,-0.40787382050630305,0.00010462777847436433,256,NaN,Trotter2,NA,2.91348532
3.2,0.05,120,ace,-0.4078734003370484,0.00010420760921969752,88,1.0e-12,Trotter2,Trotter2,15.268112115
3.25,0.05,120,ed,-0.4047541769175703,0.0,0,NaN,NA,NA,0.0
3.25,0.05,120,exact_pt,-0.4048408359549982,8.665903742788306e-5,256,NaN,Trotter2,NA,2.91348532
3.25,0.05,120,ace,-0.404840344371166,8.61674535956869e-5,88,1.0e-12,Trotter2,Trotter2,15.268112115
3.3,0.05,120,ed,-0.40098382489130563,0.0,0,NaN,NA,NA,0.0
3.3,0.05,120,exact_pt,-0.4010521762995992,6.835140829358766e-5,256,NaN,Trotter2,NA,2.91348532
3.3,0.05,120,ace,-0.40105160559154707,6.778070024143767e-5,88,1.0e-12,Trotter2,Trotter2,15.268112115
3.35,0.05,120,ed,-0.3964017200094093,0.0,0,NaN,NA,NA,0.0
3.35,0.05,120,exact_pt,-0.3964516388789976,4.991886958827241e-5,256,NaN,Trotter2,NA,2.91348532
3.35,0.05,120,ace,-0.3964509816795355,4.926167012619942e-5,88,1.0e-12,Trotter2,Trotter2,15.268112115
3.4,0.05,120,ed,-0.3909392807328898,0.0,0,NaN,NA,NA,0.0
3.4,0.05,120,exact_pt,-0.390970873741997,3.159300910721141e-5,256,NaN,Trotter2,NA,2.91348532
3.4,0.05,120,ace,-0.39097012367115647,3.084293826666196e-5,88,1.0e-12,Trotter2,Trotter2,15.268112115
3.45,0.05,120,ed,-0.38451682204641974,0.0,0,NaN,NA,NA,0.0
3.45,0.05,120,exact_pt,-0.3845304410763542,1.3619029934464066e-5,256,NaN,Trotter2,NA,2.91348532
3.45,0.05,120,ace,-0.3845295935846784,1.277153825868238e-5,88,1.0e-12,Trotter2,Trotter2,15.268112115
3.5,0.05,120,ed,-0.3770452382414711,0.0,0,NaN,NA,NA,0.0
3.5,0.05,120,exact_pt,-0.3770414893418633,3.7488996078027803e-6,256,NaN,Trotter2,NA,2.91348532
3.5,0.05,120,ace,-0.37704054280638455,4.695435086576882e-6,88,1.0e-12,Trotter2,Trotter2,15.268112115
3.55,0.05,120,ed,-0.36842826974582804,0.0,0,NaN,NA,NA,0.0
3.55,0.05,120,exact_pt,-0.36840801690461666,2.0252841211376715e-5,256,NaN,Trotter2,NA,2.91348532
3.55,0.05,120,ace,-0.3684069740057089,2.1295740119164908e-5,88,1.0e-12,Trotter2,Trotter2,15.268112115
3.6,0.05,120,ed,-0.35856529829527134,0.0,0,NaN,NA,NA,0.0
3.6,0.05,120,exact_pt,-0.35852966159739397,3.563669787737256e-5,256,NaN,Trotter2,NA,2.91348532
3.6,0.05,120,ace,-0.35852853097113996,3.676732413138151e-5,88,1.0e-12,Trotter2,Trotter2,15.268112115
3.65,0.05,120,ed,-0.34735459773846056,0.0,0,NaN,NA,NA,0.0
3.65,0.05,120,exact_pt,-0.3473049456412215,4.965209723906128e-5,256,NaN,Trotter2,NA,2.91348532
3.65,0.05,120,ace,-0.34730374374927714,5.085398918341921e-5,88,1.0e-12,Trotter2,Trotter2,15.268112115
3.7,0.05,120,ed,-0.3346969525809308,0.0,0,NaN,NA,NA,0.0
3.7,0.05,120,exact_pt,-0.33463488818914,6.206439179079482e-5,256,NaN,Trotter2,NA,2.91348532
3.7,0.05,120,ace,-0.33463364138099083,6.331119993996381e-5,88,1.0e-12,Trotter2,Trotter2,15.268112115
3.75,0.05,120,ed,-0.3204995434035591,0.0,0,NaN,NA,NA,0.0
3.75,0.05,120,exact_pt,-0.32042688478958525,7.265861397381945e-5,256,NaN,Trotter2,NA,2.91348532
3.75,0.05,120,ace,-0.320425631487262,7.391191629707583e-5,88,1.0e-12,Trotter2,Trotter2,15.268112115
3.8,0.05,120,ed,-0.30467998788201217,0.0,0,NaN,NA,NA,0.0
3.8,0.05,120,exact_pt,-0.3045987426605831,8.124522142904933e-5,256,NaN,Trotter2,NA,2.91348532
3.8,0.05,120,ace,-0.3045975358524693,8.245202954287878e-5,88,1.0e-12,Trotter2,Trotter2,15.268112115
3.85,0.05,120,ed,-0.2871704185789481,0.0,0,NaN,NA,NA,0.0
3.85,0.05,120,exact_pt,-0.2870827531093719,8.766546957617027e-5,256,NaN,Trotter2,NA,2.91348532
3.85,0.05,120,ace,-0.28708166360960896,8.875496933913318e-5,88,1.0e-12,Trotter2,Trotter2,15.268112115
3.9,0.05,120,ed,-0.2679214742103452,0.0,0,NaN,NA,NA,0.0
3.9,0.05,120,exact_pt,-0.26782967795540735,9.179625493782595e-5,256,NaN,Trotter2,NA,2.91348532
3.9,0.05,120,ace,-0.2678287988068013,9.267540354385151e-5,88,1.0e-12,Trotter2,Trotter2,15.268112115
3.95,0.05,120,ed,-0.24690607986362761,0.0,0,NaN,NA,NA,0.0
3.95,0.05,120,exact_pt,-0.24681252558039318,9.35542832344316e-5,256,NaN,Trotter2,NA,2.91348532
3.95,0.05,120,ace,-0.24681198978235602,9.409008127159169e-5,88,1.0e-12,Trotter2,Trotter2,15.268112115
4.0,0.05,120,ed,-0.22412289375729896,0.0,0,NaN,NA,NA,0.0
4.0,0.05,120,exact_pt,-0.22402999432630752,9.289943099144438e-5,256,NaN,Trotter2,NA,2.91348532
4.0,0.05,120,ace,-0.2240299260431182,9.296771418076943e-5,88,1.0e-12,Trotter2,Trotter2,15.268112115
4.05,0.05,120,ed,-0.19959930359143974,0.0,0,NaN,NA,NA,0.0
4.05,0.05,120,exact_pt,-0.19950946640355346,8.983718788627137e-5,256,NaN,Trotter2,NA,2.91348532
4.05,0.05,120,ace,-0.19951003034403275,8.927324740698461e-5,88,1.0e-12,Trotter2,Trotter2,15.268112115
4.1,0.05,120,ed,-0.17339386427752942,0.0,0,NaN,NA,NA,0.0
4.1,0.05,120,exact_pt,-0.17330944418862376,8.442008890566233e-5,256,NaN,Trotter2,NA,2.91348532
4.1,0.05,120,ace,-0.17331085381139158,8.301046613784502e-5,88,1.0e-12,Trotter2,Trotter2,15.268112115
4.15,0.05,120,ed,-0.1455980807052355,0.0,0,NaN,NA,NA,0.0
4.15,0.05,120,exact_pt,-0.14552133263517142,7.674807006408102e-5,256,NaN,Trotter2,NA,2.91348532
4.15,0.05,120,ace,-0.1455238510778844,7.422962735109673e-5,88,1.0e-12,Trotter2,Trotter2,15.268112115
4.2,0.05,120,ed,-0.11633745397282283,0.0,0,NaN,NA,NA,0.0
4.2,0.05,120,exact_pt,-0.11627048626447789,6.696770834493937e-5,256,NaN,Trotter2,NA,2.91348532
4.2,0.05,120,ace,-0.11627441385636124,6.304011646159069e-5,88,1.0e-12,Trotter2,Trotter2,15.268112115
4.25,0.05,120,ed,-0.08577172686782694,0.0,0,NaN,NA,NA,0.0
4.25,0.05,120,exact_pt,-0.08571645653283468,5.527033499226619e-5,256,NaN,Trotter2,NA,2.91348532
4.25,0.05,120,ace,-0.08572213522440303,4.959164342391298e-5,88,1.0e-12,Trotter2,Trotter2,15.268112115
4.3,0.05,120,ed,-0.054094283952365506,0.0,0,NaN,NA,NA,0.0
4.3,0.05,120,exact_pt,-0.05405239491174329,4.188904062221721e-5,256,NaN,Trotter2,NA,2.91348532
4.3,0.05,120,ace,-0.0540601857479108,3.4098204454706404e-5,88,1.0e-12,Trotter2,Trotter2,15.268112115
4.35,0.05,120,ed,-0.021530682931431722,0.0,0,NaN,NA,NA,0.0
4.35,0.05,120,exact_pt,-0.021503588311413562,2.7094620018160154e-5,256,NaN,Trotter2,NA,2.91348532
4.35,0.05,120,ace,-0.02151384997143569,1.6832959996031932e-5,88,1.0e-12,Trotter2,Trotter2,15.268112115
4.4,0.05,120,ed,0.011663683448508481,0.0,0,NaN,NA,NA,0.0
4.4,0.05,120,exact_pt,0.011674873981710328,1.1190533201846722e-5,256,NaN,Trotter2,NA,2.91348532
4.4,0.05,120,ace,0.01166180593478169,1.8775137267910968e-6,88,1.0e-12,Trotter2,Trotter2,15.268112115
4.45,0.05,120,ed,0.04520677247005831,0.0,0,NaN,NA,NA,0.0
4.45,0.05,120,exact_pt,0.045201279456699654,5.4930133586567065e-6,256,NaN,Trotter2,NA,2.91348532
4.45,0.05,120,ace,0.04518511536844367,2.1657101614641627e-5,88,1.0e-12,Trotter2,Trotter2,15.268112115
4.5,0.05,120,ed,0.07879387764440128,0.0,0,NaN,NA,NA,0.0
4.5,0.05,120,exact_pt,0.07877127190787322,2.2605736528055753e-5,256,NaN,Trotter2,NA,2.91348532
4.5,0.05,120,ace,0.07875178129448451,4.2096349916767584e-5,88,1.0e-12,Trotter2,Trotter2,15.268112115
4.55,0.05,120,ed,0.11210234739438253,0.0,0,NaN,NA,NA,0.0
4.55,0.05,120,exact_pt,0.11206256284812507,3.9784546257456976e-5,256,NaN,Trotter2,NA,2.91348532
4.55,0.05,120,ace,0.11203958333885677,6.276405552575748e-5,88,1.0e-12,Trotter2,Trotter2,15.268112115
4.6,0.05,120,ed,0.14479694593328338,0.0,0,NaN,NA,NA,0.0
4.6,0.05,120,exact_pt,0.1447402846874687,5.6661245814687566e-5,256,NaN,Trotter2,NA,2.91348532
4.6,0.05,120,ace,0.14471371970610533,8.322622717804595e-5,88,1.0e-12,Trotter2,Trotter2,15.268112115
4.65,0.05,120,ed,0.17653574619051582,0.0,0,NaN,NA,NA,0.0
4.65,0.05,120,exact_pt,0.17646287571188257,7.28704786332468e-5,256,NaN,Trotter2,NA,2.91348532
4.65,0.05,120,ace,0.17643268715490434,0.00010305903561147467,88,1.0e-12,Trotter2,Trotter2,15.268112115
4.7,0.05,120,ed,0.2069764271483155,0.0,0,NaN,NA,NA,0.0
4.7,0.05,120,exact_pt,0.20688836942010658,8.805772820891233e-5,256,NaN,Trotter2,NA,2.91348532
4.7,0.05,120,ace,0.2068545599689741,0.00012186717934140057,88,1.0e-12,Trotter2,Trotter2,15.268112115
4.75,0.05,120,ed,0.23578283338780545,0.0,0,NaN,NA,NA,0.0
4.75,0.05,120,exact_pt,0.23568094621500946,0.00010188717279599468,256,NaN,Trotter2,NA,2.91348532
4.75,0.05,120,ace,0.23564353199185215,0.00013930139595330626,88,1.0e-12,Trotter2,Trotter2,15.268112115
4.8,0.05,120,ed,0.26263164348424367,0.0,0,NaN,NA,NA,0.0
4.8,0.05,120,exact_pt,0.26251759428709287,0.00011404919715080064,256,NaN,Trotter2,NA,2.91348532
4.8,0.05,120,ace,0.26247656155353516,0.00015508193070851162,88,1.0e-12,Trotter2,Trotter2,15.268112115
4.85,0.05,120,ed,0.2872189865475131,0.0,0,NaN,NA,NA,0.0
4.85,0.05,120,exact_pt,0.2870947191780243,0.00012426736948878414,256,NaN,Trotter2,NA,2.91348532
4.85,0.05,120,ace,0.28704997612250877,0.0001690104250043345,88,1.0e-12,Trotter2,Trotter2,15.268112115
4.9,0.05,120,ed,0.3092668429889705,0.0,0,NaN,NA,NA,0.0
4.9,0.05,120,exact_pt,0.30913453828603643,0.00013230470293407182,256,NaN,Trotter2,NA,2.91348532
4.9,0.05,120,ace,0.30908586097770496,0.00018098201126554025,88,1.0e-12,Trotter2,Trotter2,15.268112115
4.95,0.05,120,ed,0.32852906671774074,0.0,0,NaN,NA,NA,0.0
4.95,0.05,120,exact_pt,0.32839109768074354,0.00013796903699719865,256,NaN,Trotter2,NA,2.91348532
4.95,0.05,120,ace,0.32833805918153947,0.00019100753620127087,88,1.0e-12,Trotter2,Trotter2,15.268112115
5.0,0.05,120,ed,0.3447968715197427,0.0,0,NaN,NA,NA,0.0
5.0,0.05,120,exact_pt,0.34465575412415494,0.00014111739558775316,256,NaN,Trotter2,NA,2.91348532
5.0,0.05,120,ace,0.3445976472645974,0.00019922425514529163,88,1.0e-12,Trotter2,Trotter2,15.268112115
5.05,0.05,120,ed,0.35790363431880245,0.0,0,NaN,NA,NA,0.0
5.05,0.05,120,exact_pt,0.3577619751155485,0.0001416592032539299,256,NaN,Trotter2,NA,2.91348532
5.05,0.05,120,ace,0.3576977327540669,0.00020590156473554444,88,1.0e-12,Trotter2,Trotter2,15.268112115
5.1,0.05,120,ed,0.3677288822013901,0.0,0,NaN,NA,NA,0.0
5.1,0.05,120,exact_pt,0.3675893239311973,0.00013955827019279665,256,NaN,Trotter2,NA,2.91348532
5.1,0.05,120,ace,0.36751744299493194,0.00021143920645816383,88,1.0e-12,Trotter2,Trotter2,15.268112115
5.15,0.05,120,ed,0.3742013482175638,0.0,0,NaN,NA,NA,0.0
5.15,0.05,120,exact_pt,0.3740665147293316,0.00013483348823217778,256,NaN,Trotter2,NA,2.91348532
5.15,0.05,120,ace,0.37398496680283255,0.00021638141473123707,88,1.0e-12,Trotter2,Trotter2,15.268112115
5.2,0.05,120,ed,0.3773010026403859,0.0,0,NaN,NA,NA,0.0
5.2,0.05,120,exact_pt,0.37717344442665734,0.00012755821372856246,256,NaN,Trotter2,NA,2.91348532
5.2,0.05,120,ace,0.37707960495883835,0.00022139768154755268,88,1.0e-12,Trotter2,Trotter2,15.268112115
5.25,0.05,120,ed,0.3770599910489792,0.0,0,NaN,NA,NA,0.0
5.25,0.05,120,exact_pt,0.3769421327008802,0.0001178583480990203,256,NaN,Trotter2,NA,2.91348532
5.25,0.05,120,ace,0.37683271648437544,0.00022727456460375217,88,1.0e-12,Trotter2,Trotter2,15.268112115
5.3,0.05,120,ed,0.3735624376685288,0.0,0,NaN,NA,NA,0.0
5.3,0.05,120,exact_pt,0.37345652850687083,0.00010590916165797992,256,NaN,Trotter2,NA,2.91348532
5.3,0.05,120,ace,0.3733275173564614,0.00023492031206739927,88,1.0e-12,Trotter2,Trotter2,15.268112115
5.35,0.05,120,ed,0.36694310113891093,0.0,0,NaN,NA,NA,0.0
5.35,0.05,120,exact_pt,0.3668511701984575,9.193094045345518e-5,256,NaN,Trotter2,NA,2.91348532
5.35,0.05,120,ace,0.3666977383037193,0.0002453628351916093,88,1.0e-12,Trotter2,Trotter2,15.268112115
5.4,0.05,120,ed,0.3573848995098589,0.0,0,NaN,NA,NA,0.0
5.4,0.05,120,exact_pt,0.35730871594189395,7.618356796496029e-5,256,NaN,Trotter2,NA,2.91348532
5.4,0.05,120,ace,0.35712514954105723,0.00025974996880168133,88,1.0e-12,Trotter2,Trotter2,15.268112115
5.45,0.05,120,ed,0.34511535094682627,0.0,0,NaN,NA,NA,0.0
5.45,0.05,120,exact_pt,0.3450563907639762,5.896018285006521e-5,256,NaN,Trotter2,NA,2.91348532
5.45,0.05,120,ace,0.34483602036734606,0.0002793305794802081,88,1.0e-12,Trotter2,Trotter2,15.268112115
5.5,0.05,120,ed,0.330402005529138,0.0,0,NaN,NA,NA,0.0
5.5,0.05,120,exact_pt,0.330361425449641,4.058007949703235e-5,256,NaN,Trotter2,NA,2.91348532
5.5,0.05,120,ace,0.3300965651160188,0.0003054404131191957,88,1.0e-12,Trotter2,Trotter2,15.268112115
5.55,0.05,120,ed,0.31354697078664295,0.0,0,NaN,NA,NA,0.0
5.55,0.05,120,exact_pt,0.3135255897474409,2.1381039202073016e-5,256,NaN,Trotter2,NA,2.91348532
5.55,0.05,120,ace,0.31320748159914774,0.0003394891874952122,88,1.0e-12,Trotter2,Trotter2,15.268112115
5.6,0.05,120,ed,0.2948806584400071,0.0,0,NaN,NA,NA,0.0
5.6,0.05,120,exact_pt,0.2948789471443906,1.711295616491082e-6,256,NaN,Trotter2,NA,2.91348532
5.6,0.05,120,ace,0.2944977233725399,0.00038293506746722716,88,1.0e-12,Trotter2,Trotter2,15.268112115
5.65,0.05,120,ed,0.274754901427611,0.0,0,NaN,NA,NA,0.0
5.65,0.05,120,exact_pt,0.274772980079391,1.807865177999579e-5,256,NaN,Trotter2,NA,2.91348532
5.65,0.05,120,ace,0.2743176286254696,0.0004372728021413974,88,1.0e-12,Trotter2,Trotter2,15.268112115
5.7,0.05,120,ed,0.25353560804557335,0.0,0,NaN,NA,NA,0.0
5.7,0.05,120,exact_pt,0.25357325220400684,3.764415843349189e-5,256,NaN,Trotter2,NA,2.91348532
5.7,0.05,120,ace,0.2530315854603523,0.0005040225852210312,88,1.0e-12,Trotter2,Trotter2,15.268112115
5.75,0.05,120,ed,0.2315951333289147,0.0,0,NaN,NA,NA,0.0
5.75,0.05,120,exact_pt,0.2316517876031361,5.6654274221384915e-5,256,NaN,Trotter2,NA,2.91348532
5.75,0.05,120,ace,0.23101041534368774,0.0005847179852269679,88,1.0e-12,Trotter2,Trotter2,15.268112115
5.8,0.05,120,ed,0.2093045562187026,0.0,0,NaN,NA,NA,0.0
5.8,0.05,120,exact_pt,0.20937935531348112,7.479909477853264e-5,256,NaN,Trotter2,NA,2.91348532
5.8,0.05,120,ace,0.20862364995257404,0.0006809062661285448,88,1.0e-12,Trotter2,Trotter2,15.268112115
5.85,0.05,120,ed,0.18702605429124725,0.0,0,NaN,NA,NA,0.0
5.85,0.05,120,exact_pt,0.18711785072356518,9.179643231793655e-5,256,NaN,Trotter2,NA,2.91348532
5.85,0.05,120,ace,0.18623190964940337,0.0007941446418438802,88,1.0e-12,Trotter2,Trotter2,15.268112115
5.9,0.05,120,ed,0.1651055657237133,0.0,0,NaN,NA,NA,0.0
5.9,0.05,120,exact_pt,0.16521296335759514,0.00010739763388184498,256,NaN,Trotter2,NA,2.91348532
5.9,0.05,120,ace,0.1641795602533103,0.0009260054704030019,88,1.0e-12,Trotter2,Trotter2,15.268112115
5.95,0.05,120,ed,0.14386592074933344,0.0,0,NaN,NA,NA,0.0
5.95,0.05,120,exact_pt,0.14398731314963276,0.00012139240029931941,256,NaN,Trotter2,NA,2.91348532
5.95,0.05,120,ace,0.14278785327925098,0.001078067470082461,88,1.0e-12,Trotter2,Trotter2,15.268112115
6.0,0.05,120,ed,0.1236006122909325,0.0,0,NaN,NA,NA,0.0
6.0,0.05,120,exact_pt,0.12373422477975476,0.00013361248882226562,256,NaN,Trotter2,NA,2.91348532
6.0,0.05,120,ace,0.12234870335108317,0.0012519089398493333,88,1.0e-12,Trotter2,Trotter2,15.268112115
